ID,Order_EN,Order_CN,Family_EN,Family_CN,Genus_EN,Genus_CN,Species_EN,Species_CN
05823,Arecales,棕榈目,Arecaceae,棕榈科,Chamaerops,欧洲棕属,humilis,欧洲矮棕
05824,Arecales,棕榈目,Arecaceae,棕榈科,Cocos,椰子属,nucifera,椰子
05825,Arecales,棕榈目,Arecaceae,棕榈科,Phoenix,刺葵属,canariensis,加那利海枣
05826,Arecales,棕榈目,Arecaceae,棕榈科,Phoenix,刺葵属,dactylifera,海枣
05827,Arecales,棕榈目,Arecaceae,棕榈科,Phoenix,刺葵属,reclinata,reclinata
05828,Arecales,棕榈目,Arecaceae,棕榈科,Rhopalostylis,棕榈属,sapida,sapida
05830,Arecales,棕榈目,Arecaceae,棕榈科,Sabal,菜棕属,palmetto,菜棕
05832,Arecales,棕榈目,Arecaceae,棕榈科,Washingtonia,华盛顿棕属,filifera,丝棕
05833,Arecales,棕榈目,Arecaceae,棕榈科,Washingtonia,华盛顿棕属,robusta,粗壮华盛顿棕
05945,Asparagales,天门冬目,Asphodelaceae,阿福花科,Aloe,芦荟属,ferox,ferox
06224,Pandanales,露兜树目,Pandanaceae,露兜树科,Pandanus,Pandanus,tectorius,露兜树
06225,Poales,禾本目,Bromeliaceae,凤梨科,Bromelia,Bromelia,pinguin,pinguin
06226,Poales,禾本目,Bromeliaceae,凤梨科,Tillandsia,Tillandsia,fasciculata,fasciculata
06229,Poales,禾本目,Bromeliaceae,凤梨科,Tillandsia,Tillandsia,utriculata,utriculata
06453,Zingiberales,姜目,Musaceae,芭蕉科,Musa,Musa,acuminata,香蕉
06456,Zingiberales,姜目,Zingiberaceae,姜科,Etlingera,Etlingera,elatior,elatior
06548,Apiales,伞形目,Araliaceae,五加科,Aralia,楤木属,elata,elata
06553,Apiales,伞形目,Araliaceae,五加科,Cussonia,Cussonia,spicata,spicata
06554,Apiales,伞形目,Araliaceae,五加科,Fatsia,八角金盘属,japonica,japonica
06555,Apiales,伞形目,Araliaceae,五加科,Hedera,常春藤属,helix,helix
06560,Apiales,伞形目,Araliaceae,五加科,Oplopanax,Oplopanax,horridus,horridus
06563,Apiales,伞形目,Araliaceae,五加科,Pseudopanax,Pseudopanax,arboreus,arboreus
06565,Apiales,伞形目,Araliaceae,五加科,Pseudopanax,Pseudopanax,crassifolius,crassifolius
06568,Apiales,伞形目,Araliaceae,五加科,Schefflera,鹅掌柴属,actinophylla,actinophylla
06570,Apiales,伞形目,Araliaceae,五加科,Schefflera,鹅掌柴属,digitata,digitata
06571,Apiales,伞形目,Araliaceae,五加科,Schefflera,鹅掌柴属,heptaphylla,heptaphylla
06572,Apiales,伞形目,Griseliniaceae,格里斯木科,Griselinia,Griselinia,littoralis,littoralis
06574,Apiales,伞形目,Pittosporaceae,海桐花科,Bursaria,Bursaria,spinosa,spinosa
06575,Apiales,伞形目,Pittosporaceae,海桐花科,Pittosporum,Pittosporum,crassifolium,crassifolium
06576,Apiales,伞形目,Pittosporaceae,海桐花科,Pittosporum,Pittosporum,eugenioides,eugenioides
06577,Apiales,伞形目,Pittosporaceae,海桐花科,Pittosporum,Pittosporum,tenuifolium,tenuifolium
06578,Apiales,伞形目,Pittosporaceae,海桐花科,Pittosporum,Pittosporum,undulatum,undulatum
06579,Aquifoliales,冬青目,Aquifoliaceae,冬青科,Ilex,冬青属,aquifolium,枸骨
06580,Aquifoliales,冬青目,Aquifoliaceae,冬青科,Ilex,冬青属,cassine,cassine
06581,Aquifoliales,冬青目,Aquifoliaceae,冬青科,Ilex,冬青属,cornuta,cornuta
06582,Aquifoliales,冬青目,Aquifoliaceae,冬青科,Ilex,冬青属,decidua,decidua
06583,Aquifoliales,冬青目,Aquifoliaceae,冬青科,Ilex,冬青属,glabra,glabra
06584,Aquifoliales,冬青目,Aquifoliaceae,冬青科,Ilex,冬青属,mucronata,mucronata
06586,Aquifoliales,冬青目,Aquifoliaceae,冬青科,Ilex,冬青属,verticillata,verticillata
06587,Aquifoliales,冬青目,Aquifoliaceae,冬青科,Ilex,冬青属,vomitoria,vomitoria
07285,Brassicales,十字花目,Caricaceae,番木瓜科,Carica,Carica,papaya,papaya
07288,Brassicales,十字花目,Cleomaceae,白花菜科,Peritoma,Peritoma,arborea,arborea
07291,Brassicales,十字花目,Koeberliniaceae,科伯林科,Koeberlinia,Koeberlinia,spinosa,spinosa
07292,Brassicales,十字花目,Limnanthaceae,沼花科,Floerkea,Floerkea,proserpinacoides,proserpinacoides
07297,Bruniales,Bruniales,Bruniaceae,布尼亚科,Brunia,Brunia,noduliflora,noduliflora
07298,Buxales,Buxales,Buxaceae,黄杨科,Pachysandra,Pachysandra,terminalis,terminalis
07469,Caryophyllales,石竹目,Didiereaceae,刺戟木科,Portulacaria,Portulacaria,afra,afra
07482,Caryophyllales,石竹目,Frankeniaceae,瓣鳞花科,Frankenia,Frankenia,salina,salina
07575,Caryophyllales,石竹目,Tamaricaceae,柽柳科,Tamarix,Tamarix,ramosissima,ramosissima
07576,Celastrales,卫矛目,Celastraceae,卫矛科,Canotia,Canotia,holacantha,holacantha
07577,Celastrales,卫矛目,Celastraceae,卫矛科,Celastrus,南蛇藤属,orbiculatus,orbiculatus
07578,Celastrales,卫矛目,Celastraceae,卫矛科,Celastrus,南蛇藤属,scandens,scandens
07579,Celastrales,卫矛目,Celastraceae,卫矛科,Euonymus,卫矛属,alatus,alatus
07584,Celastrales,卫矛目,Celastraceae,卫矛科,Euonymus,卫矛属,japonicus,japonicus
07590,Celastrales,卫矛目,Celastraceae,卫矛科,Paxistima,Paxistima,myrsinites,myrsinites
07591,Celastrales,卫矛目,Celastraceae,卫矛科,Pterocelastrus,Pterocelastrus,tricuspidatus,tricuspidatus
07593,Cornales,山茱萸目,Cornaceae,山茱萸科,Cornus,山茱萸属,alba,alba
07594,Cornales,山茱萸目,Cornaceae,山茱萸科,Cornus,山茱萸属,alternifolia,alternifolia
07595,Cornales,山茱萸目,Cornaceae,山茱萸科,Cornus,山茱萸属,amomum,amomum
07597,Cornales,山茱萸目,Cornaceae,山茱萸科,Cornus,山茱萸属,drummondii,drummondii
07598,Cornales,山茱萸目,Cornaceae,山茱萸科,Cornus,山茱萸属,florida,florida
07599,Cornales,山茱萸目,Cornaceae,山茱萸科,Cornus,山茱萸属,mas,mas
07600,Cornales,山茱萸目,Cornaceae,山茱萸科,Cornus,山茱萸属,nuttallii,nuttallii
07601,Cornales,山茱萸目,Cornaceae,山茱萸科,Cornus,山茱萸属,racemosa,racemosa
07603,Cornales,山茱萸目,Cornaceae,山茱萸科,Cornus,山茱萸属,sanguinea,sanguinea
07604,Cornales,山茱萸目,Cornaceae,山茱萸科,Cornus,山茱萸属,sericea,sericea
07609,Cornales,山茱萸目,Hydrangeaceae,绣球科,Hydrangea,绣球属,quercifolia,quercifolia
07610,Cornales,山茱萸目,Hydrangeaceae,绣球科,Philadelphus,Philadelphus,lewisii,lewisii
07613,Cornales,山茱萸目,Loasaceae,刺莲花科,Mentzelia,Mentzelia,hispida,hispida
07614,Cornales,山茱萸目,Loasaceae,刺莲花科,Mentzelia,Mentzelia,involucrata,involucrata
07617,Cornales,山茱萸目,Nyssaceae,蓝果树科,Nyssa,蓝果树属,sylvatica,sylvatica
07618,Crossosomatales,流苏子目,Staphyleaceae,省沽油科,Staphylea,Staphylea,trifolia,trifolia
07619,Cucurbitales,葫芦目,Coriariaceae,马桑科,Coriaria,Coriaria,arborea,arborea
07620,Cucurbitales,葫芦目,Corynocarpaceae,棒果科,Corynocarpus,Corynocarpus,laevigatus,laevigatus
07634,Dipsacales,川续断目,Caprifoliaceae,忍冬科,Centranthus,Centranthus,ruber,ruber
07635,Dipsacales,川续断目,Caprifoliaceae,忍冬科,Diervilla,Diervilla,lonicera,lonicera
07636,Dipsacales,川续断目,Caprifoliaceae,忍冬科,Dipsacus,Dipsacus,fullonum,fullonum
07637,Dipsacales,川续断目,Caprifoliaceae,忍冬科,Dipsacus,Dipsacus,laciniatus,laciniatus
07638,Dipsacales,川续断目,Caprifoliaceae,忍冬科,Dipsacus,Dipsacus,sativus,sativus
07639,Dipsacales,川续断目,Caprifoliaceae,忍冬科,Knautia,Knautia,arvensis,arvensis
07640,Dipsacales,川续断目,Caprifoliaceae,忍冬科,Leycesteria,Leycesteria,formosa,formosa
07647,Dipsacales,川续断目,Caprifoliaceae,忍冬科,Lonicera,忍冬属,involucrata,involucrata
07648,Dipsacales,川续断目,Caprifoliaceae,忍冬科,Lonicera,忍冬属,japonica,japonica
07649,Dipsacales,川续断目,Caprifoliaceae,忍冬科,Lonicera,忍冬属,maackii,maackii
07650,Dipsacales,川续断目,Caprifoliaceae,忍冬科,Lonicera,忍冬属,morrowii,morrowii
07651,Dipsacales,川续断目,Caprifoliaceae,忍冬科,Lonicera,忍冬属,periclymenum,periclymenum
07652,Dipsacales,川续断目,Caprifoliaceae,忍冬科,Lonicera,忍冬属,sempervirens,sempervirens
07653,Dipsacales,川续断目,Caprifoliaceae,忍冬科,Lonicera,忍冬属,subspicata,subspicata
07654,Dipsacales,川续断目,Caprifoliaceae,忍冬科,Lonicera,忍冬属,tatarica,tatarica
07655,Dipsacales,川续断目,Caprifoliaceae,忍冬科,Lonicera,忍冬属,xylosteum,xylosteum
07672,Dipsacales,川续断目,Viburnaceae,荚蒾科,Sambucus,接骨木属,canadensis,canadensis
07673,Dipsacales,川续断目,Viburnaceae,荚蒾科,Sambucus,接骨木属,cerulea,cerulea
07674,Dipsacales,川续断目,Viburnaceae,荚蒾科,Sambucus,接骨木属,ebulus,ebulus
07675,Dipsacales,川续断目,Viburnaceae,荚蒾科,Sambucus,接骨木属,javanica,javanica
07676,Dipsacales,川续断目,Viburnaceae,荚蒾科,Sambucus,接骨木属,nigra,nigra
07688,Dipsacales,川续断目,Viburnaceae,荚蒾科,Viburnum,荚蒾属,rhytidophyllum,rhytidophyllum
07702,Ericales,杜鹃花目,Ebenaceae,柿科,Diospyros,Diospyros,texana,texana
07703,Ericales,杜鹃花目,Ebenaceae,柿科,Diospyros,Diospyros,virginiana,virginiana
07706,Ericales,杜鹃花目,Ericaceae,杜鹃花科,Arbutus,草莓树属,menziesii,menziesii
07707,Ericales,杜鹃花目,Ericaceae,杜鹃花科,Arbutus,草莓树属,unedo,unedo
07708,Ericales,杜鹃花目,Ericaceae,杜鹃花科,Arbutus,草莓树属,xalapensis,xalapensis
07709,Ericales,杜鹃花目,Ericaceae,杜鹃花科,Arctostaphylos,熊果属,glauca,glauca
07710,Ericales,杜鹃花目,Ericaceae,杜鹃花科,Arctostaphylos,熊果属,nevadensis,nevadensis
07711,Ericales,杜鹃花目,Ericaceae,杜鹃花科,Arctostaphylos,熊果属,patula,patula
07712,Ericales,杜鹃花目,Ericaceae,杜鹃花科,Arctostaphylos,熊果属,pungens,pungens
07729,Ericales,杜鹃花目,Ericaceae,杜鹃花科,Erica,欧石楠属,arborea,arborea
07740,Ericales,杜鹃花目,Ericaceae,杜鹃花科,Gaultheria,白珠树属,antipoda,antipoda
07782,Ericales,杜鹃花目,Ericaceae,杜鹃花科,Rhododendron,杜鹃花属,maximum,maximum
07783,Ericales,杜鹃花目,Ericaceae,杜鹃花科,Rhododendron,杜鹃花属,menziesii,menziesii
07784,Ericales,杜鹃花目,Ericaceae,杜鹃花科,Rhododendron,杜鹃花属,occidentale,occidentale
07888,Fabales,豆目,Fabaceae,豆科,Acacia,金合欢属,confusa,confusa
07889,Fabales,豆目,Fabaceae,豆科,Acacia,金合欢属,cyclops,cyclops
07890,Fabales,豆目,Fabaceae,豆科,Acacia,金合欢属,dealbata,银荆
07892,Fabales,豆目,Fabaceae,豆科,Acacia,金合欢属,mearnsii,mearnsii
07893,Fabales,豆目,Fabaceae,豆科,Acacia,金合欢属,melanoxylon,melanoxylon
07896,Fabales,豆目,Fabaceae,豆科,Acacia,金合欢属,pycnantha,pycnantha
07897,Fabales,豆目,Fabaceae,豆科,Acacia,金合欢属,saligna,saligna
07903,Fabales,豆目,Fabaceae,豆科,Albizia,合欢属,julibrissin,julibrissin
07905,Fabales,豆目,Fabaceae,豆科,Amorpha,Amorpha,fruticosa,fruticosa
07925,Fabales,豆目,Fabaceae,豆科,Caesalpinia,Caesalpinia,pulcherrima,pulcherrima
07927,Fabales,豆目,Fabaceae,豆科,Calliandra,Calliandra,houstoniana,houstoniana
07929,Fabales,豆目,Fabaceae,豆科,Caragana,Caragana,arborescens,arborescens
07930,Fabales,豆目,Fabaceae,豆科,Carmichaelia,Carmichaelia,australis,australis
07931,Fabales,豆目,Fabaceae,豆科,Cassia,Cassia,fistula,fistula
07933,Fabales,豆目,Fabaceae,豆科,Ceratonia,Ceratonia,siliqua,siliqua
07934,Fabales,豆目,Fabaceae,豆科,Cercis,紫荆属,canadensis,canadensis
07935,Fabales,豆目,Fabaceae,豆科,Cercis,紫荆属,occidentalis,occidentalis
07942,Fabales,豆目,Fabaceae,豆科,Cytisus,Cytisus,proliferus,proliferus
07949,Fabales,豆目,Fabaceae,豆科,Dermatophyllum,Dermatophyllum,secundiflorum,secundiflorum
07954,Fabales,豆目,Fabaceae,豆科,Ebenopsis,Ebenopsis,ebano,ebano
07955,Fabales,豆目,Fabaceae,豆科,Enterolobium,Enterolobium,cyclocarpum,cyclocarpum
07958,Fabales,豆目,Fabaceae,豆科,Erythrostemon,Erythrostemon,mexicanus,mexicanus
07963,Fabales,豆目,Fabaceae,豆科,Gleditsia,皂荚属,triacanthos,三刺皂荚
07964,Fabales,豆目,Fabaceae,豆科,Gliricidia,Gliricidia,sepium,sepium
07966,Fabales,豆目,Fabaceae,豆科,Guilandina,Guilandina,bonduc,bonduc
07967,Fabales,豆目,Fabaceae,豆科,Gymnocladus,Gymnocladus,dioicus,dioicus
07968,Fabales,豆目,Fabaceae,豆科,Hardenbergia,Hardenbergia,violacea,violacea
07978,Fabales,豆目,Fabaceae,豆科,Laburnum,金链花属,anagyroides,anagyroides
07993,Fabales,豆目,Fabaceae,豆科,Leucaena,Leucaena,leucocephala,leucocephala
08034,Fabales,豆目,Fabaceae,豆科,Olneya,Olneya,tesota,tesota
08039,Fabales,豆目,Fabaceae,豆科,Paraserianthes,Paraserianthes,lophantha,lophantha
08040,Fabales,豆目,Fabaceae,豆科,Parkinsonia,Parkinsonia,aculeata,aculeata
08041,Fabales,豆目,Fabaceae,豆科,Parkinsonia,Parkinsonia,florida,florida
08042,Fabales,豆目,Fabaceae,豆科,Parkinsonia,Parkinsonia,microphylla,microphylla
08046,Fabales,豆目,Fabaceae,豆科,Pithecellobium,Pithecellobium,dulce,dulce
08048,Fabales,豆目,Fabaceae,豆科,Prosopis,Prosopis,glandulosa,glandulosa
08049,Fabales,豆目,Fabaceae,豆科,Prosopis,Prosopis,laevigata,laevigata
08050,Fabales,豆目,Fabaceae,豆科,Prosopis,Prosopis,pubescens,pubescens
08051,Fabales,豆目,Fabaceae,豆科,Prosopis,Prosopis,velutina,velutina
08052,Fabales,豆目,Fabaceae,豆科,Psorothamnus,Psorothamnus,emoryi,emoryi
08054,Fabales,豆目,Fabaceae,豆科,Psorothamnus,Psorothamnus,spinosus,spinosus
08056,Fabales,豆目,Fabaceae,豆科,Robinia,刺槐属,neomexicana,neomexicana
08057,Fabales,豆目,Fabaceae,豆科,Robinia,刺槐属,pseudoacacia,刺槐
08061,Fabales,豆目,Fabaceae,豆科,Senna,番泻树属,alata,alata
08062,Fabales,豆目,Fabaceae,豆科,Senna,番泻树属,armata,armata
08065,Fabales,豆目,Fabaceae,豆科,Senna,番泻树属,hebecarpa,hebecarpa
08066,Fabales,豆目,Fabaceae,豆科,Senna,番泻树属,lindheimeriana,lindheimeriana
08067,Fabales,豆目,Fabaceae,豆科,Senna,番泻树属,marilandica,marilandica
08068,Fabales,豆目,Fabaceae,豆科,Senna,番泻树属,obtusifolia,obtusifolia
08069,Fabales,豆目,Fabaceae,豆科,Senna,番泻树属,occidentalis,occidentalis
08071,Fabales,豆目,Fabaceae,豆科,Sesbania,Sesbania,drummondii,drummondii
08075,Fabales,豆目,Fabaceae,豆科,Sophora,槐属,affinis,affinis
08076,Fabales,豆目,Fabaceae,豆科,Sophora,槐属,microphylla,microphylla
08081,Fabales,豆目,Fabaceae,豆科,Tamarindus,Tamarindus,indica,indica
08105,Fabales,豆目,Fabaceae,豆科,Vachellia,Vachellia,cornigera,cornigera
08106,Fabales,豆目,Fabaceae,豆科,Vachellia,Vachellia,farnesiana,farnesiana
08108,Fabales,豆目,Fabaceae,豆科,Vachellia,Vachellia,rigidula,rigidula
08109,Fabales,豆目,Fabaceae,豆科,Vachellia,Vachellia,schaffneri,schaffneri
08123,Fabales,豆目,Fabaceae,豆科,Wisteria,紫藤属,sinensis,sinensis
08138,Fagales,壳斗目,Betulaceae,桦木科,Alnus,桤木属,alnobetula,alnobetula
08139,Fagales,壳斗目,Betulaceae,桦木科,Alnus,桤木属,glutinosa,欧洲桤木
08141,Fagales,壳斗目,Betulaceae,桦木科,Alnus,桤木属,rhombifolia,rhombifolia
08144,Fagales,壳斗目,Betulaceae,桦木科,Betula,桦木属,alleghaniensis,alleghaniensis
08145,Fagales,壳斗目,Betulaceae,桦木科,Betula,桦木属,lenta,lenta
08146,Fagales,壳斗目,Betulaceae,桦木科,Betula,桦木属,nana,nana
08147,Fagales,壳斗目,Betulaceae,桦木科,Betula,桦木属,nigra,nigra
08148,Fagales,壳斗目,Betulaceae,桦木科,Betula,桦木属,papyrifera,papyrifera
08149,Fagales,壳斗目,Betulaceae,桦木科,Betula,桦木属,pendula,垂枝桦
08150,Fagales,壳斗目,Betulaceae,桦木科,Betula,桦木属,populifolia,populifolia
08151,Fagales,壳斗目,Betulaceae,桦木科,Betula,桦木属,pubescens,pubescens
08154,Fagales,壳斗目,Betulaceae,桦木科,Carpinus,鹅耳枥属,caroliniana,caroliniana
08155,Fagales,壳斗目,Betulaceae,桦木科,Corylus,榛属,americana,americana
08156,Fagales,壳斗目,Betulaceae,桦木科,Corylus,榛属,avellana,欧洲榛
08158,Fagales,壳斗目,Betulaceae,桦木科,Ostrya,Ostrya,virginiana,virginiana
08159,Fagales,壳斗目,Casuarinaceae,木麻黄科,Casuarina,Casuarina,equisetifolia,equisetifolia
08160,Fagales,壳斗目,Fagaceae,壳斗科,Castanea,栗属,dentata,dentata
08161,Fagales,壳斗目,Fagaceae,壳斗科,Castanea,栗属,sativa,欧洲栗
08162,Fagales,壳斗目,Fagaceae,壳斗科,Chrysolepis,Chrysolepis,chrysophylla,chrysophylla
08163,Fagales,壳斗目,Fagaceae,壳斗科,Chrysolepis,Chrysolepis,sempervirens,sempervirens
08164,Fagales,壳斗目,Fagaceae,壳斗科,Fagus,山毛榉属,grandifolia,grandifolia
08165,Fagales,壳斗目,Fagaceae,壳斗科,Fagus,山毛榉属,sylvatica,欧洲山毛榉
08166,Fagales,壳斗目,Fagaceae,壳斗科,Notholithocarpus,Notholithocarpus,densiflorus,densiflorus
08167,Fagales,壳斗目,Fagaceae,壳斗科,Quercus,栎属,agrifolia,agrifolia
08168,Fagales,壳斗目,Fagaceae,壳斗科,Quercus,栎属,alba,alba
08169,Fagales,壳斗目,Fagaceae,壳斗科,Quercus,栎属,berberidifolia,berberidifolia
08170,Fagales,壳斗目,Fagaceae,壳斗科,Quercus,栎属,bicolor,bicolor
08171,Fagales,壳斗目,Fagaceae,壳斗科,Quercus,栎属,buckleyi,buckleyi
08172,Fagales,壳斗目,Fagaceae,壳斗科,Quercus,栎属,chrysolepis,chrysolepis
08173,Fagales,壳斗目,Fagaceae,壳斗科,Quercus,栎属,coccifera,coccifera
08174,Fagales,壳斗目,Fagaceae,壳斗科,Quercus,栎属,coccinea,coccinea
08175,Fagales,壳斗目,Fagaceae,壳斗科,Quercus,栎属,cornelius-mulleri,cornelius-mulleri
08176,Fagales,壳斗目,Fagaceae,壳斗科,Quercus,栎属,douglasii,douglasii
08177,Fagales,壳斗目,Fagaceae,壳斗科,Quercus,栎属,durata,durata
08178,Fagales,壳斗目,Fagaceae,壳斗科,Quercus,栎属,emoryi,emoryi
08179,Fagales,壳斗目,Fagaceae,壳斗科,Quercus,栎属,engelmannii,engelmannii
08180,Fagales,壳斗目,Fagaceae,壳斗科,Quercus,栎属,falcata,falcata
08181,Fagales,壳斗目,Fagaceae,壳斗科,Quercus,栎属,fusiformis,fusiformis
08182,Fagales,壳斗目,Fagaceae,壳斗科,Quercus,栎属,gambelii,gambelii
08183,Fagales,壳斗目,Fagaceae,壳斗科,Quercus,栎属,garryana,garryana
08184,Fagales,壳斗目,Fagaceae,壳斗科,Quercus,栎属,geminata,geminata
08185,Fagales,壳斗目,Fagaceae,壳斗科,Quercus,栎属,ilex,ilex
08186,Fagales,壳斗目,Fagaceae,壳斗科,Quercus,栎属,ilicifolia,ilicifolia
08187,Fagales,壳斗目,Fagaceae,壳斗科,Quercus,栎属,imbricaria,imbricaria
08188,Fagales,壳斗目,Fagaceae,壳斗科,Quercus,栎属,kelloggii,kelloggii
08189,Fagales,壳斗目,Fagaceae,壳斗科,Quercus,栎属,laevis,laevis
08190,Fagales,壳斗目,Fagaceae,壳斗科,Quercus,栎属,lobata,lobata
08191,Fagales,壳斗目,Fagaceae,壳斗科,Quercus,栎属,macrocarpa,macrocarpa
08192,Fagales,壳斗目,Fagaceae,壳斗科,Quercus,栎属,marilandica,marilandica
08193,Fagales,壳斗目,Fagaceae,壳斗科,Quercus,栎属,michauxii,michauxii
08195,Fagales,壳斗目,Fagaceae,壳斗科,Quercus,栎属,muehlenbergii,muehlenbergii
08196,Fagales,壳斗目,Fagaceae,壳斗科,Quercus,栎属,nigra,nigra
08197,Fagales,壳斗目,Fagaceae,壳斗科,Quercus,栎属,palustris,palustris
08198,Fagales,壳斗目,Fagaceae,壳斗科,Quercus,栎属,phellos,phellos
08199,Fagales,壳斗目,Fagaceae,壳斗科,Quercus,栎属,robur,夏栎
08200,Fagales,壳斗目,Fagaceae,壳斗科,Quercus,栎属,rotundifolia,rotundifolia
08201,Fagales,壳斗目,Fagaceae,壳斗科,Quercus,栎属,rubra,rubra
08202,Fagales,壳斗目,Fagaceae,壳斗科,Quercus,栎属,shumardii,shumardii
08203,Fagales,壳斗目,Fagaceae,壳斗科,Quercus,栎属,sinuata,sinuata
08204,Fagales,壳斗目,Fagaceae,壳斗科,Quercus,栎属,stellata,stellata
08205,Fagales,壳斗目,Fagaceae,壳斗科,Quercus,栎属,suber,suber
08207,Fagales,壳斗目,Fagaceae,壳斗科,Quercus,栎属,velutina,velutina
08208,Fagales,壳斗目,Fagaceae,壳斗科,Quercus,栎属,virginiana,virginiana
08209,Fagales,壳斗目,Fagaceae,壳斗科,Quercus,栎属,wislizeni,wislizeni
08210,Fagales,壳斗目,Juglandaceae,胡桃科,Carya,山核桃属,cordiformis,cordiformis
08211,Fagales,壳斗目,Juglandaceae,胡桃科,Carya,山核桃属,glabra,glabra
08212,Fagales,壳斗目,Juglandaceae,胡桃科,Carya,山核桃属,illinoinensis,illinoinensis
08213,Fagales,壳斗目,Juglandaceae,胡桃科,Carya,山核桃属,ovata,山核桃
08214,Fagales,壳斗目,Juglandaceae,胡桃科,Carya,山核桃属,tomentosa,tomentosa
08215,Fagales,壳斗目,Juglandaceae,胡桃科,Juglans,胡桃属,californica,californica
08216,Fagales,壳斗目,Juglandaceae,胡桃科,Juglans,胡桃属,cinerea,cinerea
08217,Fagales,壳斗目,Juglandaceae,胡桃科,Juglans,胡桃属,nigra,nigra
08218,Fagales,壳斗目,Juglandaceae,胡桃科,Juglans,胡桃属,regia,胡桃
08219,Fagales,壳斗目,Myricaceae,杨梅科,Comptonia,Comptonia,peregrina,peregrina
08221,Fagales,壳斗目,Myricaceae,杨梅科,Morella,Morella,cerifera,cerifera
08222,Fagales,壳斗目,Myricaceae,杨梅科,Morella,Morella,pensylvanica,pensylvanica
08223,Fagales,壳斗目,Myricaceae,杨梅科,Myrica,Myrica,gale,gale
08224,Fagales,壳斗目,Nothofagaceae,南青冈科,Nothofagus,Nothofagus,cliffortioides,cliffortioides
08225,Fagales,壳斗目,Nothofagaceae,南青冈科,Nothofagus,Nothofagus,menziesii,menziesii
08226,Garryales,Garryales,Garryaceae,丝缨花科,Garrya,Garrya,elliptica,elliptica
08287,Gentianales,龙胆目,Gelsemiaceae,钩吻科,Gelsemium,Gelsemium,sempervirens,sempervirens
08317,Gentianales,龙胆目,Loganiaceae,马钱科,Geniostoma,Geniostoma,ligustrifolium,ligustrifolium
08392,Gunnerales,Gunnerales,Gunneraceae,洋二仙草科,Gunnera,Gunnera,tinctoria,tinctoria
08414,Lamiales,唇形目,Bignoniaceae,紫葳科,Catalpa,Catalpa,speciosa,speciosa
08416,Lamiales,唇形目,Bignoniaceae,紫葳科,Crescentia,Crescentia,cujete,cujete
08417,Lamiales,唇形目,Bignoniaceae,紫葳科,Jacaranda,Jacaranda,mimosifolia,mimosifolia
08418,Lamiales,唇形目,Bignoniaceae,紫葳科,Spathodea,Spathodea,campanulata,campanulata
08419,Lamiales,唇形目,Bignoniaceae,紫葳科,Tabebuia,Tabebuia,rosea,rosea
08420,Lamiales,唇形目,Bignoniaceae,紫葳科,Tecoma,Tecoma,stans,stans
08432,Lamiales,唇形目,Lamiaceae,唇形科,Callicarpa,紫珠属,formosana,formosana
08527,Lamiales,唇形目,Lamiaceae,唇形科,Vitex,牡荆属,lucens,lucens
08543,Lamiales,唇形目,Oleaceae,木犀科,Chionanthus,Chionanthus,virginicus,virginicus
08546,Lamiales,唇形目,Oleaceae,木犀科,Fraxinus,梣属,americana,americana
08547,Lamiales,唇形目,Oleaceae,木犀科,Fraxinus,梣属,excelsior,欧洲白蜡
08548,Lamiales,唇形目,Oleaceae,木犀科,Fraxinus,梣属,latifolia,latifolia
08549,Lamiales,唇形目,Oleaceae,木犀科,Fraxinus,梣属,nigra,nigra
08550,Lamiales,唇形目,Oleaceae,木犀科,Fraxinus,梣属,pennsylvanica,pennsylvanica
08551,Lamiales,唇形目,Oleaceae,木犀科,Fraxinus,梣属,velutina,velutina
08552,Lamiales,唇形目,Oleaceae,木犀科,Ligustrum,女贞属,lucidum,lucidum
08554,Lamiales,唇形目,Oleaceae,木犀科,Ligustrum,女贞属,sinense,sinense
08556,Lamiales,唇形目,Oleaceae,木犀科,Olea,木犀榄属,europaea,油橄榄
08557,Lamiales,唇形目,Oleaceae,木犀科,Syringa,丁香属,vulgaris,欧洲丁香
08619,Lamiales,唇形目,Paulowniaceae,泡桐科,Paulownia,Paulownia,tomentosa,tomentosa
08708,Lamiales,唇形目,Scrophulariaceae,玄参科,Buddleja,Buddleja,cordata,cordata
08709,Lamiales,唇形目,Scrophulariaceae,玄参科,Buddleja,Buddleja,davidii,davidii
08720,Lamiales,唇形目,Stilbaceae,光叶草科,Halleria,Halleria,lucida,lucida
08744,Laurales,樟目,Atherospermataceae,香材树科,Laurelia,Laurelia,novae-zelandiae,novae-zelandiae
08747,Laurales,樟目,Lauraceae,樟科,Beilschmiedia,Beilschmiedia,tawa,tawa
08749,Laurales,樟目,Lauraceae,樟科,Cinnamomum,樟属,camphora,樟
08750,Laurales,樟目,Lauraceae,樟科,Laurus,月桂属,nobilis,月桂
08752,Laurales,樟目,Lauraceae,樟科,Persea,Persea,americana,americana
08754,Laurales,樟目,Lauraceae,樟科,Umbellularia,Umbellularia,californica,californica
08755,Laurales,樟目,Monimiaceae,香材树科,Hedycarya,Hedycarya,arborea,arborea
08756,Magnoliales,木兰目,Annonaceae,番荔枝科,Annona,Annona,glabra,glabra
08757,Magnoliales,木兰目,Annonaceae,番荔枝科,Asimina,Asimina,triloba,triloba
08758,Magnoliales,木兰目,Magnoliaceae,木兰科,Liriodendron,鹅掌楸属,tulipifera,tulipifera
08759,Magnoliales,木兰目,Magnoliaceae,木兰科,Magnolia,木兰属,acuminata,acuminata
08761,Magnoliales,木兰目,Magnoliaceae,木兰科,Magnolia,木兰属,grandiflora,大花木兰
08855,Malpighiales,金虎尾目,Rhizophoraceae,红树科,Rhizophora,Rhizophora,mangle,mangle
08856,Malpighiales,金虎尾目,Salicaceae,杨柳科,Populus,杨属,alba,银白杨
08857,Malpighiales,金虎尾目,Salicaceae,杨柳科,Populus,杨属,balsamifera,balsamifera
08858,Malpighiales,金虎尾目,Salicaceae,杨柳科,Populus,杨属,deltoides,deltoides
08859,Malpighiales,金虎尾目,Salicaceae,杨柳科,Populus,杨属,fremontii,fremontii
08861,Malpighiales,金虎尾目,Salicaceae,杨柳科,Populus,杨属,nigra,黑杨
08863,Malpighiales,金虎尾目,Salicaceae,杨柳科,Populus,杨属,tremuloides,tremuloides
08864,Malpighiales,金虎尾目,Salicaceae,杨柳科,Populus,杨属,trichocarpa,trichocarpa
08865,Malpighiales,金虎尾目,Salicaceae,杨柳科,Salix,柳属,alba,白柳
08866,Malpighiales,金虎尾目,Salicaceae,杨柳科,Salix,柳属,babylonica,babylonica
08867,Malpighiales,金虎尾目,Salicaceae,杨柳科,Salix,柳属,bebbiana,bebbiana
08868,Malpighiales,金虎尾目,Salicaceae,杨柳科,Salix,柳属,caprea,caprea
08873,Malpighiales,金虎尾目,Salicaceae,杨柳科,Salix,柳属,gooddingii,gooddingii
08874,Malpighiales,金虎尾目,Salicaceae,杨柳科,Salix,柳属,interior,interior
08875,Malpighiales,金虎尾目,Salicaceae,杨柳科,Salix,柳属,laevigata,laevigata
08876,Malpighiales,金虎尾目,Salicaceae,杨柳科,Salix,柳属,lasiolepis,lasiolepis
08877,Malpighiales,金虎尾目,Salicaceae,杨柳科,Salix,柳属,myrsinifolia,myrsinifolia
08878,Malpighiales,金虎尾目,Salicaceae,杨柳科,Salix,柳属,nigra,nigra
08880,Malpighiales,金虎尾目,Salicaceae,杨柳科,Salix,柳属,triandra,triandra
08881,Malpighiales,金虎尾目,Salicaceae,杨柳科,Salix,柳属,viminalis,viminalis
08919,Malvales,锦葵目,Bixaceae,红木科,Cochlospermum,Cochlospermum,vitifolium,vitifolium
08931,Malvales,锦葵目,Malvaceae,锦葵科,Adansonia,猴面包树属,digitata,digitata
08937,Malvales,锦葵目,Malvaceae,锦葵科,Ceiba,Ceiba,pentandra,pentandra
08938,Malvales,锦葵目,Malvaceae,锦葵科,Entelea,Entelea,arborescens,arborescens
08940,Malvales,锦葵目,Malvaceae,锦葵科,Fremontodendron,Fremontodendron,californicum,californicum
08941,Malvales,锦葵目,Malvaceae,锦葵科,Gossypium,棉属,hirsutum,hirsutum
08942,Malvales,锦葵目,Malvaceae,锦葵科,Guazuma,Guazuma,ulmifolia,ulmifolia
08968,Malvales,锦葵目,Malvaceae,锦葵科,Pachira,Pachira,aquatica,aquatica
08970,Malvales,锦葵目,Malvaceae,锦葵科,Plagianthus,Plagianthus,divaricatus,divaricatus
08971,Malvales,锦葵目,Malvaceae,锦葵科,Plagianthus,Plagianthus,regius,regius
08982,Malvales,锦葵目,Malvaceae,锦葵科,Thespesia,Thespesia,populnea,populnea
08983,Malvales,锦葵目,Malvaceae,锦葵科,Tilia,椴属,americana,americana
08987,Malvales,锦葵目,Muntingiaceae,文定果科,Muntingia,Muntingia,calabura,calabura
08988,Malvales,锦葵目,Thymelaeaceae,瑞香科,Daphne,Daphne,gnidium,gnidium
08993,Myrtales,桃金娘目,Combretaceae,使君子科,Conocarpus,Conocarpus,erectus,erectus
08994,Myrtales,桃金娘目,Combretaceae,使君子科,Laguncularia,Laguncularia,racemosa,racemosa
08995,Myrtales,桃金娘目,Combretaceae,使君子科,Terminalia,Terminalia,catappa,catappa
09003,Myrtales,桃金娘目,Lythraceae,千屈菜科,Punica,石榴属,granatum,石榴
09010,Myrtales,桃金娘目,Myrtaceae,桃金娘科,Eucalyptus,桉属,camaldulensis,camaldulensis
09011,Myrtales,桃金娘目,Myrtaceae,桃金娘科,Eucalyptus,桉属,globulus,蓝桉
09012,Myrtales,桃金娘目,Myrtaceae,桃金娘科,Leptospermum,Leptospermum,laevigatum,laevigatum
09013,Myrtales,桃金娘目,Myrtaceae,桃金娘科,Leptospermum,Leptospermum,scoparium,scoparium
09014,Myrtales,桃金娘目,Myrtaceae,桃金娘科,Lophomyrtus,Lophomyrtus,bullata,bullata
09016,Myrtales,桃金娘目,Myrtaceae,桃金娘科,Metrosideros,Metrosideros,excelsa,excelsa
09017,Myrtales,桃金娘目,Myrtaceae,桃金娘科,Metrosideros,Metrosideros,fulgens,fulgens
09018,Myrtales,桃金娘目,Myrtaceae,桃金娘科,Metrosideros,Metrosideros,perforata,perforata
09019,Myrtales,桃金娘目,Myrtaceae,桃金娘科,Metrosideros,Metrosideros,polymorpha,polymorpha
09020,Myrtales,桃金娘目,Myrtaceae,桃金娘科,Metrosideros,Metrosideros,robusta,robusta
09021,Myrtales,桃金娘目,Myrtaceae,桃金娘科,Metrosideros,Metrosideros,umbellata,umbellata
09022,Myrtales,桃金娘目,Myrtaceae,桃金娘科,Myrtus,桃金娘属,communis,communis
09023,Myrtales,桃金娘目,Myrtaceae,桃金娘科,Psidium,Psidium,cattleyanum,cattleyanum
09024,Myrtales,桃金娘目,Myrtaceae,桃金娘科,Psidium,Psidium,guajava,guajava
09088,Oxalidales,酢浆草目,Cunoniaceae,火把树科,Weinmannia,Weinmannia,racemosa,racemosa
09089,Oxalidales,酢浆草目,Elaeocarpaceae,杜英科,Aristotelia,Aristotelia,serrata,serrata
09090,Oxalidales,酢浆草目,Elaeocarpaceae,杜英科,Elaeocarpus,Elaeocarpus,hookerianus,hookerianus
09121,Proteales,山龙眼目,Platanaceae,悬铃木科,Platanus,悬铃木属,occidentalis,occidentalis
09123,Proteales,山龙眼目,Platanaceae,悬铃木科,Platanus,悬铃木属,wrightii,wrightii
09126,Proteales,山龙眼目,Proteaceae,山龙眼科,Hakea,Hakea,sericea,sericea
09128,Proteales,山龙眼目,Proteaceae,山龙眼科,Leucadendron,Leucadendron,laureolum,laureolum
09129,Proteales,山龙眼目,Proteaceae,山龙眼科,Leucadendron,Leucadendron,rubrum,rubrum
09131,Proteales,山龙眼目,Proteaceae,山龙眼科,Leucospermum,Leucospermum,conocarpodendron,conocarpodendron
09135,Proteales,山龙眼目,Proteaceae,山龙眼科,Protea,Protea,cynaroides,cynaroides
09136,Proteales,山龙眼目,Proteaceae,山龙眼科,Protea,Protea,laurifolia,laurifolia
09137,Proteales,山龙眼目,Proteaceae,山龙眼科,Protea,Protea,neriifolia,neriifolia
09143,Ranunculales,毛茛目,Berberidaceae,小檗科,Berberis,小檗属,bealei,bealei
09145,Ranunculales,毛茛目,Berberidaceae,小檗科,Berberis,小檗属,nervosa,nervosa
09147,Ranunculales,毛茛目,Berberidaceae,小檗科,Berberis,小檗属,thunbergii,thunbergii
09148,Ranunculales,毛茛目,Berberidaceae,小檗科,Berberis,小檗属,trifoliolata,trifoliolata
09296,Rosales,蔷薇目,Elaeagnaceae,胡颓子科,Elaeagnus,Elaeagnus,angustifolia,angustifolia
09299,Rosales,蔷薇目,Elaeagnaceae,胡颓子科,Elaeagnus,Elaeagnus,umbellata,umbellata
09300,Rosales,蔷薇目,Elaeagnaceae,胡颓子科,Hippophae,Hippophae,rhamnoides,rhamnoides
09302,Rosales,蔷薇目,Moraceae,桑科,Artocarpus,Artocarpus,altilis,altilis
09303,Rosales,蔷薇目,Moraceae,桑科,Artocarpus,Artocarpus,heterophyllus,heterophyllus
09304,Rosales,蔷薇目,Moraceae,桑科,Broussonetia,Broussonetia,papyrifera,papyrifera
09305,Rosales,蔷薇目,Moraceae,桑科,Fatoua,Fatoua,villosa,villosa
09306,Rosales,蔷薇目,Moraceae,桑科,Ficus,榕属,aurea,aurea
09307,Rosales,蔷薇目,Moraceae,桑科,Ficus,榕属,carica,无花果
09308,Rosales,蔷薇目,Moraceae,桑科,Ficus,榕属,microcarpa,microcarpa
09309,Rosales,蔷薇目,Moraceae,桑科,Ficus,榕属,petiolaris,petiolaris
09311,Rosales,蔷薇目,Moraceae,桑科,Ficus,榕属,religiosa,religiosa
09312,Rosales,蔷薇目,Moraceae,桑科,Maclura,Maclura,pomifera,pomifera
09313,Rosales,蔷薇目,Moraceae,桑科,Morus,桑属,alba,白桑
09321,Rosales,蔷薇目,Rhamnaceae,鼠李科,Ceanothus,美洲茶属,cuneatus,cuneatus
09325,Rosales,蔷薇目,Rhamnaceae,鼠李科,Ceanothus,美洲茶属,leucodermis,leucodermis
09326,Rosales,蔷薇目,Rhamnaceae,鼠李科,Ceanothus,美洲茶属,megacarpus,megacarpus
09328,Rosales,蔷薇目,Rhamnaceae,鼠李科,Ceanothus,美洲茶属,perplexans,perplexans
09336,Rosales,蔷薇目,Rhamnaceae,鼠李科,Discaria,Discaria,toumatou,toumatou
09337,Rosales,蔷薇目,Rhamnaceae,鼠李科,Frangula,Frangula,alnus,alnus
09338,Rosales,蔷薇目,Rhamnaceae,鼠李科,Frangula,Frangula,californica,californica
09340,Rosales,蔷薇目,Rhamnaceae,鼠李科,Frangula,Frangula,purshiana,purshiana
09341,Rosales,蔷薇目,Rhamnaceae,鼠李科,Paliurus,Paliurus,spina-christi,spina-christi
09342,Rosales,蔷薇目,Rhamnaceae,鼠李科,Rhamnus,鼠李属,alaternus,alaternus
09353,Rosales,蔷薇目,Rosaceae,蔷薇科,Adenostoma,Adenostoma,sparsifolium,sparsifolium
09366,Rosales,蔷薇目,Rosaceae,蔷薇科,Cercocarpus,Cercocarpus,ledifolius,ledifolius
09367,Rosales,蔷薇目,Rosaceae,蔷薇科,Cercocarpus,Cercocarpus,montanus,montanus
09368,Rosales,蔷薇目,Rosaceae,蔷薇科,Chamaebatia,Chamaebatia,foliolosa,foliolosa
09373,Rosales,蔷薇目,Rosaceae,蔷薇科,Crataegus,山楂属,monogyna,单子山楂
09418,Rosales,蔷薇目,Rosaceae,蔷薇科,Prunus,李属,avium,甜樱桃
09421,Rosales,蔷薇目,Rosaceae,蔷薇科,Prunus,李属,dulcis,dulcis
09423,Rosales,蔷薇目,Rosaceae,蔷薇科,Prunus,李属,fasciculata,fasciculata
09424,Rosales,蔷薇目,Rosaceae,蔷薇科,Prunus,李属,fremontii,fremontii
09425,Rosales,蔷薇目,Rosaceae,蔷薇科,Prunus,李属,ilicifolia,ilicifolia
09428,Rosales,蔷薇目,Rosaceae,蔷薇科,Prunus,李属,padus,padus
09429,Rosales,蔷薇目,Rosaceae,蔷薇科,Prunus,李属,pensylvanica,pensylvanica
09430,Rosales,蔷薇目,Rosaceae,蔷薇科,Prunus,李属,persica,persica
09431,Rosales,蔷薇目,Rosaceae,蔷薇科,Prunus,李属,pumila,pumila
09432,Rosales,蔷薇目,Rosaceae,蔷薇科,Prunus,李属,serotina,serotina
09433,Rosales,蔷薇目,Rosaceae,蔷薇科,Prunus,李属,spinosa,spinosa
09434,Rosales,蔷薇目,Rosaceae,蔷薇科,Prunus,李属,virginiana,virginiana
09435,Rosales,蔷薇目,Rosaceae,蔷薇科,Purshia,Purshia,stansburyana,stansburyana
09436,Rosales,蔷薇目,Rosaceae,蔷薇科,Purshia,Purshia,tridentata,tridentata
09437,Rosales,蔷薇目,Rosaceae,蔷薇科,Pyracantha,Pyracantha,coccinea,coccinea
09438,Rosales,蔷薇目,Rosaceae,蔷薇科,Pyrus,梨属,calleryana,calleryana
09439,Rosales,蔷薇目,Rosaceae,蔷薇科,Pyrus,梨属,communis,西洋梨
09440,Rosales,蔷薇目,Rosaceae,蔷薇科,Rhaphiolepis,Rhaphiolepis,indica,indica
09488,Rosales,蔷薇目,Rosaceae,蔷薇科,Sorbus,花楸属,americana,americana
09489,Rosales,蔷薇目,Rosaceae,蔷薇科,Sorbus,花楸属,aucuparia,aucuparia
09490,Rosales,蔷薇目,Rosaceae,蔷薇科,Sorbus,花楸属,sitchensis,sitchensis
09499,Rosales,蔷薇目,Ulmaceae,榆科,Ulmus,榆属,americana,americana
09500,Rosales,蔷薇目,Ulmaceae,榆科,Ulmus,榆属,crassifolia,crassifolia
09502,Rosales,蔷薇目,Ulmaceae,榆科,Ulmus,榆属,laevis,laevis
09503,Rosales,蔷薇目,Ulmaceae,榆科,Ulmus,榆属,minor,小叶榆
09504,Rosales,蔷薇目,Ulmaceae,榆科,Ulmus,榆属,parvifolia,parvifolia
09505,Rosales,蔷薇目,Ulmaceae,榆科,Ulmus,榆属,pumila,pumila
09506,Rosales,蔷薇目,Ulmaceae,榆科,Ulmus,榆属,rubra,rubra
09507,Rosales,蔷薇目,Ulmaceae,榆科,Ulmus,榆属,thomasii,thomasii
09519,Santalales,檀香目,Loranthaceae,桑寄生科,Ileostylus,Ileostylus,micranthus,micranthus
09523,Santalales,檀香目,Santalaceae,檀香科,Exocarpos,Exocarpos,cupressiformis,cupressiformis
09525,Santalales,檀香目,Santalaceae,檀香科,Phoradendron,Phoradendron,californicum,californicum
09526,Santalales,檀香目,Santalaceae,檀香科,Phoradendron,Phoradendron,leucarpum,leucarpum
09527,Santalales,檀香目,Santalaceae,檀香科,Viscum,Viscum,album,album
09528,Sapindales,无患子目,Anacardiaceae,漆树科,Anacardium,腰果属,occidentale,occidentale
09530,Sapindales,无患子目,Anacardiaceae,漆树科,Malosma,Malosma,laurina,laurina
09531,Sapindales,无患子目,Anacardiaceae,漆树科,Mangifera,Mangifera,indica,indica
09532,Sapindales,无患子目,Anacardiaceae,漆树科,Pistacia,Pistacia,chinensis,chinensis
09533,Sapindales,无患子目,Anacardiaceae,漆树科,Pistacia,Pistacia,lentiscus,lentiscus
09535,Sapindales,无患子目,Anacardiaceae,漆树科,Rhus,漆树属,copallinum,copallinum
09536,Sapindales,无患子目,Anacardiaceae,漆树科,Rhus,漆树属,glabra,glabra
09537,Sapindales,无患子目,Anacardiaceae,漆树科,Rhus,漆树属,integrifolia,integrifolia
09538,Sapindales,无患子目,Anacardiaceae,漆树科,Rhus,漆树属,lanceolata,lanceolata
09539,Sapindales,无患子目,Anacardiaceae,漆树科,Rhus,漆树属,microphylla,microphylla
09540,Sapindales,无患子目,Anacardiaceae,漆树科,Rhus,漆树属,ovata,ovata
09541,Sapindales,无患子目,Anacardiaceae,漆树科,Rhus,漆树属,typhina,typhina
09542,Sapindales,无患子目,Anacardiaceae,漆树科,Rhus,漆树属,virens,virens
09543,Sapindales,无患子目,Anacardiaceae,漆树科,Schinus,Schinus,molle,molle
09544,Sapindales,无患子目,Anacardiaceae,漆树科,Schinus,Schinus,terebinthifolia,terebinthifolia
09545,Sapindales,无患子目,Anacardiaceae,漆树科,Searsia,Searsia,lucida,lucida
09549,Sapindales,无患子目,Anacardiaceae,漆树科,Toxicodendron,毒漆藤属,vernix,vernix
09550,Sapindales,无患子目,Burseraceae,橄榄科,Bursera,Bursera,microphylla,microphylla
09551,Sapindales,无患子目,Burseraceae,橄榄科,Bursera,Bursera,simaruba,simaruba
09552,Sapindales,无患子目,Meliaceae,楝科,Azadirachta,Azadirachta,indica,indica
09553,Sapindales,无患子目,Meliaceae,楝科,Dysoxylum,Dysoxylum,spectabile,spectabile
09554,Sapindales,无患子目,Meliaceae,楝科,Melia,楝属,azedarach,azedarach
09555,Sapindales,无患子目,Rutaceae,芸香科,Citrus,柑橘属,trifoliata,trifoliata
09562,Sapindales,无患子目,Rutaceae,芸香科,Zanthoxylum,花椒属,clava-herculis,clava-herculis
09564,Sapindales,无患子目,Rutaceae,芸香科,Zanthoxylum,花椒属,hirsutum,hirsutum
09565,Sapindales,无患子目,Sapindaceae,无患子科,Acer,槭属,campestre,campestre
09567,Sapindales,无患子目,Sapindaceae,无患子科,Acer,槭属,floridanum,floridanum
09568,Sapindales,无患子目,Sapindaceae,无患子科,Acer,槭属,ginnala,ginnala
09569,Sapindales,无患子目,Sapindaceae,无患子科,Acer,槭属,glabrum,glabrum
09570,Sapindales,无患子目,Sapindaceae,无患子科,Acer,槭属,grandidentatum,grandidentatum
09571,Sapindales,无患子目,Sapindaceae,无患子科,Acer,槭属,macrophyllum,macrophyllum
09572,Sapindales,无患子目,Sapindaceae,无患子科,Acer,槭属,negundo,negundo
09574,Sapindales,无患子目,Sapindaceae,无患子科,Acer,槭属,palmatum,palmatum
09575,Sapindales,无患子目,Sapindaceae,无患子科,Acer,槭属,pensylvanicum,pensylvanicum
09576,Sapindales,无患子目,Sapindaceae,无患子科,Acer,槭属,platanoides,platanoides
09577,Sapindales,无患子目,Sapindaceae,无患子科,Acer,槭属,pseudoplatanus,假挪威槭
09578,Sapindales,无患子目,Sapindaceae,无患子科,Acer,槭属,rubrum,rubrum
09579,Sapindales,无患子目,Sapindaceae,无患子科,Acer,槭属,saccharinum,saccharinum
09580,Sapindales,无患子目,Sapindaceae,无患子科,Acer,槭属,saccharum,saccharum
09581,Sapindales,无患子目,Sapindaceae,无患子科,Acer,槭属,spicatum,spicatum
09582,Sapindales,无患子目,Sapindaceae,无患子科,Acer,槭属,tataricum,tataricum
09584,Sapindales,无患子目,Sapindaceae,无患子科,Aesculus,七叶树属,glabra,glabra
09585,Sapindales,无患子目,Sapindaceae,无患子科,Aesculus,七叶树属,hippocastanum,欧洲七叶树
09587,Sapindales,无患子目,Sapindaceae,无患子科,Alectryon,Alectryon,excelsus,excelsus
09589,Sapindales,无患子目,Sapindaceae,无患子科,Dodonaea,Dodonaea,viscosa,viscosa
09590,Sapindales,无患子目,Sapindaceae,无患子科,Koelreuteria,栾树属,paniculata,paniculata
09591,Sapindales,无患子目,Sapindaceae,无患子科,Sapindus,Sapindus,drummondii,drummondii
09592,Sapindales,无患子目,Sapindaceae,无患子科,Ungnadia,Ungnadia,speciosa,speciosa
09593,Sapindales,无患子目,Simaroubaceae,苦木科,Ailanthus,Ailanthus,altissima,altissima
09594,Saxifragales,虎耳草目,Altingiaceae,枫香科,Liquidambar,枫香属,styraciflua,styraciflua
09625,Saxifragales,虎耳草目,Grossulariaceae,茶藨子科,Ribes,茶藨子属,americanum,americanum
09626,Saxifragales,虎耳草目,Grossulariaceae,茶藨子科,Ribes,茶藨子属,aureum,aureum
09628,Saxifragales,虎耳草目,Grossulariaceae,茶藨子科,Ribes,茶藨子属,cereum,cereum
09644,Saxifragales,虎耳草目,Hamamelidaceae,金缕梅科,Hamamelis,金缕梅属,virginiana,virginiana
09758,Vitales,葡萄目,Vitaceae,葡萄科,Parthenocissus,爬山虎属,tricuspidata,tricuspidata
09759,Vitales,葡萄目,Vitaceae,葡萄科,Vitis,葡萄属,aestivalis,aestivalis
09760,Vitales,葡萄目,Vitaceae,葡萄科,Vitis,葡萄属,arizonica,arizonica
09763,Vitales,葡萄目,Vitaceae,葡萄科,Vitis,葡萄属,riparia,riparia
09774,Pinales,松目,Araucariaceae,南洋杉科,Agathis,Agathis,australis,australis
09775,Pinales,松目,Cupressaceae,柏科,Calocedrus,Calocedrus,decurrens,decurrens
09776,Pinales,松目,Cupressaceae,柏科,Cupressus,柏木属,macrocarpa,macrocarpa
09777,Pinales,松目,Cupressaceae,柏科,Cupressus,柏木属,nootkatensis,nootkatensis
09778,Pinales,松目,Cupressaceae,柏科,Juniperus,刺柏属,ashei,ashei
09779,Pinales,松目,Cupressaceae,柏科,Juniperus,刺柏属,californica,californica
09780,Pinales,松目,Cupressaceae,柏科,Juniperus,刺柏属,communis,欧洲刺柏
09781,Pinales,松目,Cupressaceae,柏科,Juniperus,刺柏属,deppeana,deppeana
09782,Pinales,松目,Cupressaceae,柏科,Juniperus,刺柏属,grandis,grandis
09783,Pinales,松目,Cupressaceae,柏科,Juniperus,刺柏属,horizontalis,horizontalis
09784,Pinales,松目,Cupressaceae,柏科,Juniperus,刺柏属,monosperma,monosperma
09785,Pinales,松目,Cupressaceae,柏科,Juniperus,刺柏属,occidentalis,occidentalis
09786,Pinales,松目,Cupressaceae,柏科,Juniperus,刺柏属,osteosperma,osteosperma
09788,Pinales,松目,Cupressaceae,柏科,Juniperus,刺柏属,scopulorum,scopulorum
09789,Pinales,松目,Cupressaceae,柏科,Juniperus,刺柏属,virginiana,virginiana
09790,Pinales,松目,Cupressaceae,柏科,Sequoia,Sequoia,sempervirens,sempervirens
09791,Pinales,松目,Cupressaceae,柏科,Sequoiadendron,Sequoiadendron,giganteum,giganteum
09792,Pinales,松目,Cupressaceae,柏科,Taxodium,Taxodium,ascendens,ascendens
09793,Pinales,松目,Cupressaceae,柏科,Taxodium,Taxodium,distichum,distichum
09794,Pinales,松目,Cupressaceae,柏科,Taxodium,Taxodium,mucronatum,mucronatum
09795,Pinales,松目,Cupressaceae,柏科,Thuja,崖柏属,occidentalis,occidentalis
09796,Pinales,松目,Cupressaceae,柏科,Thuja,崖柏属,plicata,plicata
09797,Pinales,松目,Pinaceae,松科,Abies,冷杉属,alba,银冷杉
09798,Pinales,松目,Pinaceae,松科,Abies,冷杉属,balsamea,balsamea
09799,Pinales,松目,Pinaceae,松科,Abies,冷杉属,concolor,concolor
09800,Pinales,松目,Pinaceae,松科,Abies,冷杉属,grandis,grandis
09801,Pinales,松目,Pinaceae,松科,Abies,冷杉属,lasiocarpa,lasiocarpa
09802,Pinales,松目,Pinaceae,松科,Abies,冷杉属,sibirica,sibirica
09803,Pinales,松目,Pinaceae,松科,Larix,落叶松属,decidua,欧洲落叶松
09804,Pinales,松目,Pinaceae,松科,Larix,落叶松属,laricina,laricina
09805,Pinales,松目,Pinaceae,松科,Larix,落叶松属,occidentalis,occidentalis
09806,Pinales,松目,Pinaceae,松科,Larix,落叶松属,sibirica,sibirica
09807,Pinales,松目,Pinaceae,松科,Picea,云杉属,abies,挪威云杉
09808,Pinales,松目,Pinaceae,松科,Picea,云杉属,engelmannii,engelmannii
09809,Pinales,松目,Pinaceae,松科,Picea,云杉属,glauca,glauca
09810,Pinales,松目,Pinaceae,松科,Picea,云杉属,mariana,mariana
09811,Pinales,松目,Pinaceae,松科,Picea,云杉属,obovata,obovata
09812,Pinales,松目,Pinaceae,松科,Picea,云杉属,pungens,pungens
09813,Pinales,松目,Pinaceae,松科,Picea,云杉属,rubens,rubens
09814,Pinales,松目,Pinaceae,松科,Picea,云杉属,sitchensis,sitchensis
09815,Pinales,松目,Pinaceae,松科,Pinus,松属,albicaulis,albicaulis
09816,Pinales,松目,Pinaceae,松科,Pinus,松属,banksiana,banksiana
09817,Pinales,松目,Pinaceae,松科,Pinus,松属,cembroides,cembroides
09818,Pinales,松目,Pinaceae,松科,Pinus,松属,contorta,contorta
09819,Pinales,松目,Pinaceae,松科,Pinus,松属,coulteri,coulteri
09820,Pinales,松目,Pinaceae,松科,Pinus,松属,echinata,echinata
09821,Pinales,松目,Pinaceae,松科,Pinus,松属,edulis,edulis
09822,Pinales,松目,Pinaceae,松科,Pinus,松属,elliottii,elliottii
09823,Pinales,松目,Pinaceae,松科,Pinus,松属,flexilis,flexilis
09824,Pinales,松目,Pinaceae,松科,Pinus,松属,jeffreyi,jeffreyi
09825,Pinales,松目,Pinaceae,松科,Pinus,松属,lambertiana,lambertiana
09826,Pinales,松目,Pinaceae,松科,Pinus,松属,longaeva,longaeva
09827,Pinales,松目,Pinaceae,松科,Pinus,松属,monophylla,monophylla
09828,Pinales,松目,Pinaceae,松科,Pinus,松属,monticola,monticola
09829,Pinales,松目,Pinaceae,松科,Pinus,松属,nigra,nigra
09830,Pinales,松目,Pinaceae,松科,Pinus,松属,palustris,palustris
09831,Pinales,松目,Pinaceae,松科,Pinus,松属,pinaster,pinaster
09832,Pinales,松目,Pinaceae,松科,Pinus,松属,pinea,pinea
09833,Pinales,松目,Pinaceae,松科,Pinus,松属,ponderosa,ponderosa
09834,Pinales,松目,Pinaceae,松科,Pinus,松属,radiata,radiata
09835,Pinales,松目,Pinaceae,松科,Pinus,松属,resinosa,resinosa
09836,Pinales,松目,Pinaceae,松科,Pinus,松属,rigida,rigida
09837,Pinales,松目,Pinaceae,松科,Pinus,松属,sabiniana,sabiniana
09838,Pinales,松目,Pinaceae,松科,Pinus,松属,sibirica,sibirica
09839,Pinales,松目,Pinaceae,松科,Pinus,松属,strobus,strobus
09840,Pinales,松目,Pinaceae,松科,Pinus,松属,sylvestris,欧洲赤松
09841,Pinales,松目,Pinaceae,松科,Pinus,松属,taeda,taeda
09842,Pinales,松目,Pinaceae,松科,Pinus,松属,torreyana,torreyana
09843,Pinales,松目,Pinaceae,松科,Pinus,松属,virginiana,virginiana
09844,Pinales,松目,Pinaceae,松科,Pseudotsuga,黄杉属,menziesii,menziesii
09845,Pinales,松目,Pinaceae,松科,Tsuga,铁杉属,canadensis,canadensis
09846,Pinales,松目,Pinaceae,松科,Tsuga,铁杉属,heterophylla,heterophylla
09847,Pinales,松目,Pinaceae,松科,Tsuga,铁杉属,mertensiana,mertensiana
09848,Pinales,松目,Podocarpaceae,罗汉松科,Dacrycarpus,Dacrycarpus,dacrydioides,dacrydioides
09849,Pinales,松目,Podocarpaceae,罗汉松科,Dacrydium,Dacrydium,cupressinum,cupressinum
09850,Pinales,松目,Podocarpaceae,罗汉松科,Phyllocladus,Phyllocladus,alpinus,alpinus
09851,Pinales,松目,Podocarpaceae,罗汉松科,Phyllocladus,Phyllocladus,trichomanoides,trichomanoides
09852,Pinales,松目,Podocarpaceae,罗汉松科,Podocarpus,Podocarpus,laetus,laetus
09853,Pinales,松目,Podocarpaceae,罗汉松科,Podocarpus,Podocarpus,totara,totara
09855,Pinales,松目,Podocarpaceae,罗汉松科,Prumnopitys,Prumnopitys,taxifolia,taxifolia
09856,Pinales,松目,Taxaceae,红豆杉科,Taxus,红豆杉属,baccata,欧洲红豆杉
09951,Polypodiales,水龙骨目,Nephrolepidaceae,肾蕨科,Nephrolepis,Nephrolepis,cordifolia,cordifolia
