ID,Order_EN,Order_CN,Family_EN,Family_CN,Genus_EN,Genus_CN,Species_EN,Species_CN,Name_EN,Name_CN
05823,Arecales,棕榈目,Arecaceae,棕榈科,Chamaerops,欧洲棕属,humilis,欧洲矮棕,Chamaerops humilis,欧洲棕属欧洲矮棕
05824,Arecales,棕榈目,Arecaceae,棕榈科,Cocos,椰子属,nucifera,椰子,Cocos nucifera,椰子属椰子
05825,Arecales,棕榈目,Arecaceae,棕榈科,Phoenix,刺葵属,canariensis,加那利海枣,Phoenix canariensis,刺葵属加那利海枣
05826,Arecales,棕榈目,Arecaceae,棕榈科,Phoenix,刺葵属,dactylifera,海枣,Phoenix dactylifera,刺葵属海枣
05827,Arecales,棕榈目,Arecaceae,棕榈科,Phoenix,刺葵属,reclinata,reclinata,Phoenix reclinata,刺葵属reclinata
05828,Arecales,棕榈目,Arecaceae,棕榈科,Rhopalostylis,棕榈属,sapida,sapida,Rhopalostylis sapida,棕榈属sapida
05830,Arecales,棕榈目,Arecaceae,棕榈科,Sabal,菜棕属,palmetto,菜棕,Sabal palmetto,菜棕属菜棕
05832,Arecales,棕榈目,Arecaceae,棕榈科,Washingtonia,华盛顿棕属,filifera,丝棕,Washingtonia filifera,华盛顿棕属丝棕
05833,Arecales,棕榈目,Arecaceae,棕榈科,Washingtonia,华盛顿棕属,robusta,粗壮华盛顿棕,Washingtonia robusta,华盛顿棕属粗壮华盛顿棕
05945,Asparagales,天门冬目,Asphodelaceae,阿福花科,Aloe,芦荟属,ferox,ferox,Aloe ferox,芦荟属ferox
06224,Pandanales,露兜树目,Pandanaceae,露兜树科,Pandanus,Pandanus,tectorius,露兜树,Pandanus tectorius,Pandanus露兜树
06225,Poales,禾本目,Bromeliaceae,凤梨科,Bromelia,Bromelia,pinguin,pinguin,Bromelia pinguin,Bromeliapinguin
06226,Poales,禾本目,Bromeliaceae,凤梨科,Tillandsia,Tillandsia,fasciculata,fasciculata,Tillandsia fasciculata,Tillandsiafasciculata
06229,Poales,禾本目,Bromeliaceae,凤梨科,Tillandsia,Tillandsia,utriculata,utriculata,Tillandsia utriculata,Tillandsiautriculata
06453,Zingiberales,姜目,Musaceae,芭蕉科,Musa,Musa,acuminata,香蕉,Musa acuminata,Musa香蕉
06456,Zingiberales,姜目,Zingiberaceae,姜科,Etlingera,Etlingera,elatior,elatior,Etlingera elatior,Etlingeraelatior
06548,Apiales,伞形目,Araliaceae,五加科,Aralia,楤木属,elata,elata,Aralia elata,楤木属elata
06553,Apiales,伞形目,Araliaceae,五加科,Cussonia,Cussonia,spicata,spicata,Cussonia spicata,Cussoniaspicata
06554,Apiales,伞形目,Araliaceae,五加科,Fatsia,八角金盘属,japonica,japonica,Fatsia japonica,八角金盘属japonica
06555,Apiales,伞形目,Araliaceae,五加科,Hedera,常春藤属,helix,helix,Hedera helix,常春藤属helix
06560,Apiales,伞形目,Araliaceae,五加科,Oplopanax,Oplopanax,horridus,horridus,Oplopanax horridus,Oplopanaxhorridus
06563,Apiales,伞形目,Araliaceae,五加科,Pseudopanax,Pseudopanax,arboreus,arboreus,Pseudopanax arboreus,Pseudopanaxarboreus
06565,Apiales,伞形目,Araliaceae,五加科,Pseudopanax,Pseudopanax,crassifolius,crassifolius,Pseudopanax crassifolius,Pseudopanaxcrassifolius
06568,Apiales,伞形目,Araliaceae,五加科,Schefflera,鹅掌柴属,actinophylla,actinophylla,Schefflera actinophylla,鹅掌柴属actinophylla
06570,Apiales,伞形目,Araliaceae,五加科,Schefflera,鹅掌柴属,digitata,digitata,Schefflera digitata,鹅掌柴属digitata
06571,Apiales,伞形目,Araliaceae,五加科,Schefflera,鹅掌柴属,heptaphylla,heptaphylla,Schefflera heptaphylla,鹅掌柴属heptaphylla
06572,Apiales,伞形目,Griseliniaceae,格里斯木科,Griselinia,Griselinia,littoralis,littoralis,Griselinia littoralis,Griselinialittoralis
06574,Apiales,伞形目,Pittosporaceae,海桐花科,Bursaria,Bursaria,spinosa,spinosa,Bursaria spinosa,Bursariaspinosa
06575,Apiales,伞形目,Pittosporaceae,海桐花科,Pittosporum,Pittosporum,crassifolium,crassifolium,Pittosporum crassifolium,Pittosporumcrassifolium
06576,Apiales,伞形目,Pittosporaceae,海桐花科,Pittosporum,Pittosporum,eugenioides,eugenioides,Pittosporum eugenioides,Pittosporumeugenioides
06577,Apiales,伞形目,Pittosporaceae,海桐花科,Pittosporum,Pittosporum,tenuifolium,tenuifolium,Pittosporum tenuifolium,Pittosporumtenuifolium
06578,Apiales,伞形目,Pittosporaceae,海桐花科,Pittosporum,Pittosporum,undulatum,undulatum,Pittosporum undulatum,Pittosporumundulatum
06579,Aquifoliales,冬青目,Aquifoliaceae,冬青科,Ilex,冬青属,aquifolium,枸骨,Ilex aquifolium,冬青属枸骨
06580,Aquifoliales,冬青目,Aquifoliaceae,冬青科,Ilex,冬青属,cassine,cassine,Ilex cassine,冬青属cassine
06581,Aquifoliales,冬青目,Aquifoliaceae,冬青科,Ilex,冬青属,cornuta,cornuta,Ilex cornuta,冬青属cornuta
06582,Aquifoliales,冬青目,Aquifoliaceae,冬青科,Ilex,冬青属,decidua,decidua,Ilex decidua,冬青属decidua
06583,Aquifoliales,冬青目,Aquifoliaceae,冬青科,Ilex,冬青属,glabra,glabra,Ilex glabra,冬青属glabra
06584,Aquifoliales,冬青目,Aquifoliaceae,冬青科,Ilex,冬青属,mucronata,mucronata,Ilex mucronata,冬青属mucronata
06586,Aquifoliales,冬青目,Aquifoliaceae,冬青科,Ilex,冬青属,verticillata,verticillata,Ilex verticillata,冬青属verticillata
06587,Aquifoliales,冬青目,Aquifoliaceae,冬青科,Ilex,冬青属,vomitoria,vomitoria,Ilex vomitoria,冬青属vomitoria
07285,Brassicales,十字花目,Caricaceae,番木瓜科,Carica,Carica,papaya,papaya,Carica papaya,Caricapapaya
07288,Brassicales,十字花目,Cleomaceae,白花菜科,Peritoma,Peritoma,arborea,arborea,Peritoma arborea,Peritomaarborea
07291,Brassicales,十字花目,Koeberliniaceae,科伯林科,Koeberlinia,Koeberlinia,spinosa,spinosa,Koeberlinia spinosa,Koeberliniaspinosa
07292,Brassicales,十字花目,Limnanthaceae,沼花科,Floerkea,Floerkea,proserpinacoides,proserpinacoides,Floerkea proserpinacoides,Floerkeaproserpinacoides
07297,Bruniales,Bruniales,Bruniaceae,布尼亚科,Brunia,Brunia,noduliflora,noduliflora,Brunia noduliflora,Brunianoduliflora
07298,Buxales,Buxales,Buxaceae,黄杨科,Pachysandra,Pachysandra,terminalis,terminalis,Pachysandra terminalis,Pachysandraterminalis
07469,Caryophyllales,石竹目,Didiereaceae,刺戟木科,Portulacaria,Portulacaria,afra,afra,Portulacaria afra,Portulacariaafra
07482,Caryophyllales,石竹目,Frankeniaceae,瓣鳞花科,Frankenia,Frankenia,salina,salina,Frankenia salina,Frankeniasalina
07575,Caryophyllales,石竹目,Tamaricaceae,柽柳科,Tamarix,Tamarix,ramosissima,ramosissima,Tamarix ramosissima,Tamarixramosissima
07576,Celastrales,卫矛目,Celastraceae,卫矛科,Canotia,Canotia,holacantha,holacantha,Canotia holacantha,Canotiaholacantha
07577,Celastrales,卫矛目,Celastraceae,卫矛科,Celastrus,南蛇藤属,orbiculatus,orbiculatus,Celastrus orbiculatus,南蛇藤属orbiculatus
07578,Celastrales,卫矛目,Celastraceae,卫矛科,Celastrus,南蛇藤属,scandens,scandens,Celastrus scandens,南蛇藤属scandens
07579,Celastrales,卫矛目,Celastraceae,卫矛科,Euonymus,卫矛属,alatus,alatus,Euonymus alatus,卫矛属alatus
07584,Celastrales,卫矛目,Celastraceae,卫矛科,Euonymus,卫矛属,japonicus,japonicus,Euonymus japonicus,卫矛属japonicus
07590,Celastrales,卫矛目,Celastraceae,卫矛科,Paxistima,Paxistima,myrsinites,myrsinites,Paxistima myrsinites,Paxistimamyrsinites
07591,Celastrales,卫矛目,Celastraceae,卫矛科,Pterocelastrus,Pterocelastrus,tricuspidatus,tricuspidatus,Pterocelastrus tricuspidatus,Pterocelastrustricuspidatus
07593,Cornales,山茱萸目,Cornaceae,山茱萸科,Cornus,山茱萸属,alba,alba,Cornus alba,山茱萸属alba
07594,Cornales,山茱萸目,Cornaceae,山茱萸科,Cornus,山茱萸属,alternifolia,alternifolia,Cornus alternifolia,山茱萸属alternifolia
07595,Cornales,山茱萸目,Cornaceae,山茱萸科,Cornus,山茱萸属,amomum,amomum,Cornus amomum,山茱萸属amomum
07597,Cornales,山茱萸目,Cornaceae,山茱萸科,Cornus,山茱萸属,drummondii,drummondii,Cornus drummondii,山茱萸属drummondii
07598,Cornales,山茱萸目,Cornaceae,山茱萸科,Cornus,山茱萸属,florida,florida,Cornus florida,山茱萸属florida
07599,Cornales,山茱萸目,Cornaceae,山茱萸科,Cornus,山茱萸属,mas,mas,Cornus mas,山茱萸属mas
07600,Cornales,山茱萸目,Cornaceae,山茱萸科,Cornus,山茱萸属,nuttallii,nuttallii,Cornus nuttallii,山茱萸属nuttallii
07601,Cornales,山茱萸目,Cornaceae,山茱萸科,Cornus,山茱萸属,racemosa,racemosa,Cornus racemosa,山茱萸属racemosa
07603,Cornales,山茱萸目,Cornaceae,山茱萸科,Cornus,山茱萸属,sanguinea,sanguinea,Cornus sanguinea,山茱萸属sanguinea
07604,Cornales,山茱萸目,Cornaceae,山茱萸科,Cornus,山茱萸属,sericea,sericea,Cornus sericea,山茱萸属sericea
07609,Cornales,山茱萸目,Hydrangeaceae,绣球科,Hydrangea,绣球属,quercifolia,quercifolia,Hydrangea quercifolia,绣球属quercifolia
07610,Cornales,山茱萸目,Hydrangeaceae,绣球科,Philadelphus,Philadelphus,lewisii,lewisii,Philadelphus lewisii,Philadelphuslewisii
07613,Cornales,山茱萸目,Loasaceae,刺莲花科,Mentzelia,Mentzelia,hispida,hispida,Mentzelia hispida,Mentzeliahispida
07614,Cornales,山茱萸目,Loasaceae,刺莲花科,Mentzelia,Mentzelia,involucrata,involucrata,Mentzelia involucrata,Mentzeliainvolucrata
07617,Cornales,山茱萸目,Nyssaceae,蓝果树科,Nyssa,蓝果树属,sylvatica,sylvatica,Nyssa sylvatica,蓝果树属sylvatica
07618,Crossosomatales,流苏子目,Staphyleaceae,省沽油科,Staphylea,Staphylea,trifolia,trifolia,Staphylea trifolia,Staphyleatrifolia
07619,Cucurbitales,葫芦目,Coriariaceae,马桑科,Coriaria,Coriaria,arborea,arborea,Coriaria arborea,Coriariaarborea
07620,Cucurbitales,葫芦目,Corynocarpaceae,棒果科,Corynocarpus,Corynocarpus,laevigatus,laevigatus,Corynocarpus laevigatus,Corynocarpuslaevigatus
07634,Dipsacales,川续断目,Caprifoliaceae,忍冬科,Centranthus,Centranthus,ruber,ruber,Centranthus ruber,Centranthusruber
07635,Dipsacales,川续断目,Caprifoliaceae,忍冬科,Diervilla,Diervilla,lonicera,lonicera,Diervilla lonicera,Diervillalonicera
07636,Dipsacales,川续断目,Caprifoliaceae,忍冬科,Dipsacus,Dipsacus,fullonum,fullonum,Dipsacus fullonum,Dipsacusfullonum
07637,Dipsacales,川续断目,Caprifoliaceae,忍冬科,Dipsacus,Dipsacus,laciniatus,laciniatus,Dipsacus laciniatus,Dipsacuslaciniatus
07638,Dipsacales,川续断目,Caprifoliaceae,忍冬科,Dipsacus,Dipsacus,sativus,sativus,Dipsacus sativus,Dipsacussativus
07639,Dipsacales,川续断目,Caprifoliaceae,忍冬科,Knautia,Knautia,arvensis,arvensis,Knautia arvensis,Knautiaarvensis
07640,Dipsacales,川续断目,Caprifoliaceae,忍冬科,Leycesteria,Leycesteria,formosa,formosa,Leycesteria formosa,Leycesteriaformosa
07647,Dipsacales,川续断目,Caprifoliaceae,忍冬科,Lonicera,忍冬属,involucrata,involucrata,Lonicera involucrata,忍冬属involucrata
07648,Dipsacales,川续断目,Caprifoliaceae,忍冬科,Lonicera,忍冬属,japonica,japonica,Lonicera japonica,忍冬属japonica
07649,Dipsacales,川续断目,Caprifoliaceae,忍冬科,Lonicera,忍冬属,maackii,maackii,Lonicera maackii,忍冬属maackii
07650,Dipsacales,川续断目,Caprifoliaceae,忍冬科,Lonicera,忍冬属,morrowii,morrowii,Lonicera morrowii,忍冬属morrowii
07651,Dipsacales,川续断目,Caprifoliaceae,忍冬科,Lonicera,忍冬属,periclymenum,periclymenum,Lonicera periclymenum,忍冬属periclymenum
07652,Dipsacales,川续断目,Caprifoliaceae,忍冬科,Lonicera,忍冬属,sempervirens,sempervirens,Lonicera sempervirens,忍冬属sempervirens
07653,Dipsacales,川续断目,Caprifoliaceae,忍冬科,Lonicera,忍冬属,subspicata,subspicata,Lonicera subspicata,忍冬属subspicata
07654,Dipsacales,川续断目,Caprifoliaceae,忍冬科,Lonicera,忍冬属,tatarica,tatarica,Lonicera tatarica,忍冬属tatarica
07655,Dipsacales,川续断目,Caprifoliaceae,忍冬科,Lonicera,忍冬属,xylosteum,xylosteum,Lonicera xylosteum,忍冬属xylosteum
07672,Dipsacales,川续断目,Viburnaceae,荚蒾科,Sambucus,接骨木属,canadensis,canadensis,Sambucus canadensis,接骨木属canadensis
07673,Dipsacales,川续断目,Viburnaceae,荚蒾科,Sambucus,接骨木属,cerulea,cerulea,Sambucus cerulea,接骨木属cerulea
07674,Dipsacales,川续断目,Viburnaceae,荚蒾科,Sambucus,接骨木属,ebulus,ebulus,Sambucus ebulus,接骨木属ebulus
07675,Dipsacales,川续断目,Viburnaceae,荚蒾科,Sambucus,接骨木属,javanica,javanica,Sambucus javanica,接骨木属javanica
07676,Dipsacales,川续断目,Viburnaceae,荚蒾科,Sambucus,接骨木属,nigra,nigra,Sambucus nigra,接骨木属nigra
07688,Dipsacales,川续断目,Viburnaceae,荚蒾科,Viburnum,荚蒾属,rhytidophyllum,rhytidophyllum,Viburnum rhytidophyllum,荚蒾属rhytidophyllum
07702,Ericales,杜鹃花目,Ebenaceae,柿科,Diospyros,Diospyros,texana,texana,Diospyros texana,Diospyrostexana
07703,Ericales,杜鹃花目,Ebenaceae,柿科,Diospyros,Diospyros,virginiana,virginiana,Diospyros virginiana,Diospyrosvirginiana
07706,Ericales,杜鹃花目,Ericaceae,杜鹃花科,Arbutus,草莓树属,menziesii,menziesii,Arbutus menziesii,草莓树属menziesii
07707,Ericales,杜鹃花目,Ericaceae,杜鹃花科,Arbutus,草莓树属,unedo,unedo,Arbutus unedo,草莓树属unedo
07708,Ericales,杜鹃花目,Ericaceae,杜鹃花科,Arbutus,草莓树属,xalapensis,xalapensis,Arbutus xalapensis,草莓树属xalapensis
07709,Ericales,杜鹃花目,Ericaceae,杜鹃花科,Arctostaphylos,熊果属,glauca,glauca,Arctostaphylos glauca,熊果属glauca
07710,Ericales,杜鹃花目,Ericaceae,杜鹃花科,Arctostaphylos,熊果属,nevadensis,nevadensis,Arctostaphylos nevadensis,熊果属nevadensis
07711,Ericales,杜鹃花目,Ericaceae,杜鹃花科,Arctostaphylos,熊果属,patula,patula,Arctostaphylos patula,熊果属patula
07712,Ericales,杜鹃花目,Ericaceae,杜鹃花科,Arctostaphylos,熊果属,pungens,pungens,Arctostaphylos pungens,熊果属pungens
07729,Ericales,杜鹃花目,Ericaceae,杜鹃花科,Erica,欧石楠属,arborea,arborea,Erica arborea,欧石楠属arborea
07740,Ericales,杜鹃花目,Ericaceae,杜鹃花科,Gaultheria,白珠树属,antipoda,antipoda,Gaultheria antipoda,白珠树属antipoda
07782,Ericales,杜鹃花目,Ericaceae,杜鹃花科,Rhododendron,杜鹃花属,maximum,maximum,Rhododendron maximum,杜鹃花属maximum
07783,Ericales,杜鹃花目,Ericaceae,杜鹃花科,Rhododendron,杜鹃花属,menziesii,menziesii,Rhododendron menziesii,杜鹃花属menziesii
07784,Ericales,杜鹃花目,Ericaceae,杜鹃花科,Rhododendron,杜鹃花属,occidentale,occidentale,Rhododendron occidentale,杜鹃花属occidentale
07888,Fabales,豆目,Fabaceae,豆科,Acacia,金合欢属,confusa,confusa,Acacia confusa,金合欢属confusa
07889,Fabales,豆目,Fabaceae,豆科,Acacia,金合欢属,cyclops,cyclops,Acacia cyclops,金合欢属cyclops
07890,Fabales,豆目,Fabaceae,豆科,Acacia,金合欢属,dealbata,银荆,Acacia dealbata,金合欢属银荆
07892,Fabales,豆目,Fabaceae,豆科,Acacia,金合欢属,mearnsii,mearnsii,Acacia mearnsii,金合欢属mearnsii
07893,Fabales,豆目,Fabaceae,豆科,Acacia,金合欢属,melanoxylon,melanoxylon,Acacia melanoxylon,金合欢属melanoxylon
07896,Fabales,豆目,Fabaceae,豆科,Acacia,金合欢属,pycnantha,pycnantha,Acacia pycnantha,金合欢属pycnantha
07897,Fabales,豆目,Fabaceae,豆科,Acacia,金合欢属,saligna,saligna,Acacia saligna,金合欢属saligna
07903,Fabales,豆目,Fabaceae,豆科,Albizia,合欢属,julibrissin,julibrissin,Albizia julibrissin,合欢属julibrissin
07905,Fabales,豆目,Fabaceae,豆科,Amorpha,Amorpha,fruticosa,fruticosa,Amorpha fruticosa,Amorphafruticosa
07925,Fabales,豆目,Fabaceae,豆科,Caesalpinia,Caesalpinia,pulcherrima,pulcherrima,Caesalpinia pulcherrima,Caesalpiniapulcherrima
07927,Fabales,豆目,Fabaceae,豆科,Calliandra,Calliandra,houstoniana,houstoniana,Calliandra houstoniana,Calliandrahoustoniana
07929,Fabales,豆目,Fabaceae,豆科,Caragana,Caragana,arborescens,arborescens,Caragana arborescens,Caraganaarborescens
07930,Fabales,豆目,Fabaceae,豆科,Carmichaelia,Carmichaelia,australis,australis,Carmichaelia australis,Carmichaeliaaustralis
07931,Fabales,豆目,Fabaceae,豆科,Cassia,Cassia,fistula,fistula,Cassia fistula,Cassiafistula
07933,Fabales,豆目,Fabaceae,豆科,Ceratonia,Ceratonia,siliqua,siliqua,Ceratonia siliqua,Ceratoniasiliqua
07934,Fabales,豆目,Fabaceae,豆科,Cercis,紫荆属,canadensis,canadensis,Cercis canadensis,紫荆属canadensis
07935,Fabales,豆目,Fabaceae,豆科,Cercis,紫荆属,occidentalis,occidentalis,Cercis occidentalis,紫荆属occidentalis
07942,Fabales,豆目,Fabaceae,豆科,Cytisus,Cytisus,proliferus,proliferus,Cytisus proliferus,Cytisusproliferus
07949,Fabales,豆目,Fabaceae,豆科,Dermatophyllum,Dermatophyllum,secundiflorum,secundiflorum,Dermatophyllum secundiflorum,Dermatophyllumsecundiflorum
07954,Fabales,豆目,Fabaceae,豆科,Ebenopsis,Ebenopsis,ebano,ebano,Ebenopsis ebano,Ebenopsisebano
07955,Fabales,豆目,Fabaceae,豆科,Enterolobium,Enterolobium,cyclocarpum,cyclocarpum,Enterolobium cyclocarpum,Enterolobiumcyclocarpum
07958,Fabales,豆目,Fabaceae,豆科,Erythrostemon,Erythrostemon,mexicanus,mexicanus,Erythrostemon mexicanus,Erythrostemonmexicanus
07963,Fabales,豆目,Fabaceae,豆科,Gleditsia,皂荚属,triacanthos,三刺皂荚,Gleditsia triacanthos,皂荚属三刺皂荚
07964,Fabales,豆目,Fabaceae,豆科,Gliricidia,Gliricidia,sepium,sepium,Gliricidia sepium,Gliricidiasepium
07966,Fabales,豆目,Fabaceae,豆科,Guilandina,Guilandina,bonduc,bonduc,Guilandina bonduc,Guilandinabonduc
07967,Fabales,豆目,Fabaceae,豆科,Gymnocladus,Gymnocladus,dioicus,dioicus,Gymnocladus dioicus,Gymnocladusdioicus
07968,Fabales,豆目,Fabaceae,豆科,Hardenbergia,Hardenbergia,violacea,violacea,Hardenbergia violacea,Hardenbergiaviolacea
07978,Fabales,豆目,Fabaceae,豆科,Laburnum,金链花属,anagyroides,anagyroides,Laburnum anagyroides,金链花属anagyroides
07993,Fabales,豆目,Fabaceae,豆科,Leucaena,Leucaena,leucocephala,leucocephala,Leucaena leucocephala,Leucaenaleucocephala
08034,Fabales,豆目,Fabaceae,豆科,Olneya,Olneya,tesota,tesota,Olneya tesota,Olneyatesota
08039,Fabales,豆目,Fabaceae,豆科,Paraserianthes,Paraserianthes,lophantha,lophantha,Paraserianthes lophantha,Paraseriantheslophantha
08040,Fabales,豆目,Fabaceae,豆科,Parkinsonia,Parkinsonia,aculeata,aculeata,Parkinsonia aculeata,Parkinsoniaaculeata
08041,Fabales,豆目,Fabaceae,豆科,Parkinsonia,Parkinsonia,florida,florida,Parkinsonia florida,Parkinsoniaflorida
08042,Fabales,豆目,Fabaceae,豆科,Parkinsonia,Parkinsonia,microphylla,microphylla,Parkinsonia microphylla,Parkinsoniamicrophylla
08046,Fabales,豆目,Fabaceae,豆科,Pithecellobium,Pithecellobium,dulce,dulce,Pithecellobium dulce,Pithecellobiumdulce
08048,Fabales,豆目,Fabaceae,豆科,Prosopis,Prosopis,glandulosa,glandulosa,Prosopis glandulosa,Prosopisglandulosa
08049,Fabales,豆目,Fabaceae,豆科,Prosopis,Prosopis,laevigata,laevigata,Prosopis laevigata,Prosopislaevigata
08050,Fabales,豆目,Fabaceae,豆科,Prosopis,Prosopis,pubescens,pubescens,Prosopis pubescens,Prosopispubescens
08051,Fabales,豆目,Fabaceae,豆科,Prosopis,Prosopis,velutina,velutina,Prosopis velutina,Prosopisvelutina
08052,Fabales,豆目,Fabaceae,豆科,Psorothamnus,Psorothamnus,emoryi,emoryi,Psorothamnus emoryi,Psorothamnusemoryi
08054,Fabales,豆目,Fabaceae,豆科,Psorothamnus,Psorothamnus,spinosus,spinosus,Psorothamnus spinosus,Psorothamnusspinosus
08056,Fabales,豆目,Fabaceae,豆科,Robinia,刺槐属,neomexicana,neomexicana,Robinia neomexicana,刺槐属neomexicana
08057,Fabales,豆目,Fabaceae,豆科,Robinia,刺槐属,pseudoacacia,刺槐,Robinia pseudoacacia,刺槐属刺槐
08061,Fabales,豆目,Fabaceae,豆科,Senna,番泻树属,alata,alata,Senna alata,番泻树属alata
08062,Fabales,豆目,Fabaceae,豆科,Senna,番泻树属,armata,armata,Senna armata,番泻树属armata
08065,Fabales,豆目,Fabaceae,豆科,Senna,番泻树属,hebecarpa,hebecarpa,Senna hebecarpa,番泻树属hebecarpa
08066,Fabales,豆目,Fabaceae,豆科,Senna,番泻树属,lindheimeriana,lindheimeriana,Senna lindheimeriana,番泻树属lindheimeriana
08067,Fabales,豆目,Fabaceae,豆科,Senna,番泻树属,marilandica,marilandica,Senna marilandica,番泻树属marilandica
08068,Fabales,豆目,Fabaceae,豆科,Senna,番泻树属,obtusifolia,obtusifolia,Senna obtusifolia,番泻树属obtusifolia
08069,Fabales,豆目,Fabaceae,豆科,Senna,番泻树属,occidentalis,occidentalis,Senna occidentalis,番泻树属occidentalis
08071,Fabales,豆目,Fabaceae,豆科,Sesbania,Sesbania,drummondii,drummondii,Sesbania drummondii,Sesbaniadrummondii
08075,Fabales,豆目,Fabaceae,豆科,Sophora,槐属,affinis,affinis,Sophora affinis,槐属affinis
08076,Fabales,豆目,Fabaceae,豆科,Sophora,槐属,microphylla,microphylla,Sophora microphylla,槐属microphylla
08081,Fabales,豆目,Fabaceae,豆科,Tamarindus,Tamarindus,indica,indica,Tamarindus indica,Tamarindusindica
08105,Fabales,豆目,Fabaceae,豆科,Vachellia,Vachellia,cornigera,cornigera,Vachellia cornigera,Vachelliacornigera
08106,Fabales,豆目,Fabaceae,豆科,Vachellia,Vachellia,farnesiana,farnesiana,Vachellia farnesiana,Vachelliafarnesiana
08108,Fabales,豆目,Fabaceae,豆科,Vachellia,Vachellia,rigidula,rigidula,Vachellia rigidula,Vachelliarigidula
08109,Fabales,豆目,Fabaceae,豆科,Vachellia,Vachellia,schaffneri,schaffneri,Vachellia schaffneri,Vachelliaschaffneri
08123,Fabales,豆目,Fabaceae,豆科,Wisteria,紫藤属,sinensis,sinensis,Wisteria sinensis,紫藤属sinensis
08138,Fagales,壳斗目,Betulaceae,桦木科,Alnus,桤木属,alnobetula,alnobetula,Alnus alnobetula,桤木属alnobetula
08139,Fagales,壳斗目,Betulaceae,桦木科,Alnus,桤木属,glutinosa,欧洲桤木,Alnus glutinosa,桤木属欧洲桤木
08141,Fagales,壳斗目,Betulaceae,桦木科,Alnus,桤木属,rhombifolia,rhombifolia,Alnus rhombifolia,桤木属rhombifolia
08144,Fagales,壳斗目,Betulaceae,桦木科,Betula,桦木属,alleghaniensis,alleghaniensis,Betula alleghaniensis,桦木属alleghaniensis
08145,Fagales,壳斗目,Betulaceae,桦木科,Betula,桦木属,lenta,lenta,Betula lenta,桦木属lenta
08146,Fagales,壳斗目,Betulaceae,桦木科,Betula,桦木属,nana,nana,Betula nana,桦木属nana
08147,Fagales,壳斗目,Betulaceae,桦木科,Betula,桦木属,nigra,nigra,Betula nigra,桦木属nigra
08148,Fagales,壳斗目,Betulaceae,桦木科,Betula,桦木属,papyrifera,papyrifera,Betula papyrifera,桦木属papyrifera
08149,Fagales,壳斗目,Betulaceae,桦木科,Betula,桦木属,pendula,垂枝桦,Betula pendula,桦木属垂枝桦
08150,Fagales,壳斗目,Betulaceae,桦木科,Betula,桦木属,populifolia,populifolia,Betula populifolia,桦木属populifolia
08151,Fagales,壳斗目,Betulaceae,桦木科,Betula,桦木属,pubescens,pubescens,Betula pubescens,桦木属pubescens
08154,Fagales,壳斗目,Betulaceae,桦木科,Carpinus,鹅耳枥属,caroliniana,caroliniana,Carpinus caroliniana,鹅耳枥属caroliniana
08155,Fagales,壳斗目,Betulaceae,桦木科,Corylus,榛属,americana,americana,Corylus americana,榛属americana
08156,Fagales,壳斗目,Betulaceae,桦木科,Corylus,榛属,avellana,欧洲榛,Corylus avellana,榛属欧洲榛
08158,Fagales,壳斗目,Betulaceae,桦木科,Ostrya,Ostrya,virginiana,virginiana,Ostrya virginiana,Ostryavirginiana
08159,Fagales,壳斗目,Casuarinaceae,木麻黄科,Casuarina,Casuarina,equisetifolia,equisetifolia,Casuarina equisetifolia,Casuarinaequisetifolia
08160,Fagales,壳斗目,Fagaceae,壳斗科,Castanea,栗属,dentata,dentata,Castanea dentata,栗属dentata
08161,Fagales,壳斗目,Fagaceae,壳斗科,Castanea,栗属,sativa,欧洲栗,Castanea sativa,栗属欧洲栗
08162,Fagales,壳斗目,Fagaceae,壳斗科,Chrysolepis,Chrysolepis,chrysophylla,chrysophylla,Chrysolepis chrysophylla,Chrysolepischrysophylla
08163,Fagales,壳斗目,Fagaceae,壳斗科,Chrysolepis,Chrysolepis,sempervirens,sempervirens,Chrysolepis sempervirens,Chrysolepissempervirens
08164,Fagales,壳斗目,Fagaceae,壳斗科,Fagus,山毛榉属,grandifolia,grandifolia,Fagus grandifolia,山毛榉属grandifolia
08165,Fagales,壳斗目,Fagaceae,壳斗科,Fagus,山毛榉属,sylvatica,欧洲山毛榉,Fagus sylvatica,山毛榉属欧洲山毛榉
08166,Fagales,壳斗目,Fagaceae,壳斗科,Notholithocarpus,Notholithocarpus,densiflorus,densiflorus,Notholithocarpus densiflorus,Notholithocarpusdensiflorus
08167,Fagales,壳斗目,Fagaceae,壳斗科,Quercus,栎属,agrifolia,agrifolia,Quercus agrifolia,栎属agrifolia
08168,Fagales,壳斗目,Fagaceae,壳斗科,Quercus,栎属,alba,alba,Quercus alba,栎属alba
08169,Fagales,壳斗目,Fagaceae,壳斗科,Quercus,栎属,berberidifolia,berberidifolia,Quercus berberidifolia,栎属berberidifolia
08170,Fagales,壳斗目,Fagaceae,壳斗科,Quercus,栎属,bicolor,bicolor,Quercus bicolor,栎属bicolor
08171,Fagales,壳斗目,Fagaceae,壳斗科,Quercus,栎属,buckleyi,buckleyi,Quercus buckleyi,栎属buckleyi
08172,Fagales,壳斗目,Fagaceae,壳斗科,Quercus,栎属,chrysolepis,chrysolepis,Quercus chrysolepis,栎属chrysolepis
08173,Fagales,壳斗目,Fagaceae,壳斗科,Quercus,栎属,coccifera,coccifera,Quercus coccifera,栎属coccifera
08174,Fagales,壳斗目,Fagaceae,壳斗科,Quercus,栎属,coccinea,coccinea,Quercus coccinea,栎属coccinea
08175,Fagales,壳斗目,Fagaceae,壳斗科,Quercus,栎属,cornelius-mulleri,cornelius-mulleri,Quercus cornelius-mulleri,栎属cornelius-mulleri
08176,Fagales,壳斗目,Fagaceae,壳斗科,Quercus,栎属,douglasii,douglasii,Quercus douglasii,栎属douglasii
08177,Fagales,壳斗目,Fagaceae,壳斗科,Quercus,栎属,durata,durata,Quercus durata,栎属durata
08178,Fagales,壳斗目,Fagaceae,壳斗科,Quercus,栎属,emoryi,emoryi,Quercus emoryi,栎属emoryi
08179,Fagales,壳斗目,Fagaceae,壳斗科,Quercus,栎属,engelmannii,engelmannii,Quercus engelmannii,栎属engelmannii
08180,Fagales,壳斗目,Fagaceae,壳斗科,Quercus,栎属,falcata,falcata,Quercus falcata,栎属falcata
08181,Fagales,壳斗目,Fagaceae,壳斗科,Quercus,栎属,fusiformis,fusiformis,Quercus fusiformis,栎属fusiformis
08182,Fagales,壳斗目,Fagaceae,壳斗科,Quercus,栎属,gambelii,gambelii,Quercus gambelii,栎属gambelii
08183,Fagales,壳斗目,Fagaceae,壳斗科,Quercus,栎属,garryana,garryana,Quercus garryana,栎属garryana
08184,Fagales,壳斗目,Fagaceae,壳斗科,Quercus,栎属,geminata,geminata,Quercus geminata,栎属geminata
08185,Fagales,壳斗目,Fagaceae,壳斗科,Quercus,栎属,ilex,ilex,Quercus ilex,栎属ilex
08186,Fagales,壳斗目,Fagaceae,壳斗科,Quercus,栎属,ilicifolia,ilicifolia,Quercus ilicifolia,栎属ilicifolia
08187,Fagales,壳斗目,Fagaceae,壳斗科,Quercus,栎属,imbricaria,imbricaria,Quercus imbricaria,栎属imbricaria
08188,Fagales,壳斗目,Fagaceae,壳斗科,Quercus,栎属,kelloggii,kelloggii,Quercus kelloggii,栎属kelloggii
08189,Fagales,壳斗目,Fagaceae,壳斗科,Quercus,栎属,laevis,laevis,Quercus laevis,栎属laevis
08190,Fagales,壳斗目,Fagaceae,壳斗科,Quercus,栎属,lobata,lobata,Quercus lobata,栎属lobata
08191,Fagales,壳斗目,Fagaceae,壳斗科,Quercus,栎属,macrocarpa,macrocarpa,Quercus macrocarpa,栎属macrocarpa
08192,Fagales,壳斗目,Fagaceae,壳斗科,Quercus,栎属,marilandica,marilandica,Quercus marilandica,栎属marilandica
08193,Fagales,壳斗目,Fagaceae,壳斗科,Quercus,栎属,michauxii,michauxii,Quercus michauxii,栎属michauxii
08195,Fagales,壳斗目,Fagaceae,壳斗科,Quercus,栎属,muehlenbergii,muehlenbergii,Quercus muehlenbergii,栎属muehlenbergii
08196,Fagales,壳斗目,Fagaceae,壳斗科,Quercus,栎属,nigra,nigra,Quercus nigra,栎属nigra
08197,Fagales,壳斗目,Fagaceae,壳斗科,Quercus,栎属,palustris,palustris,Quercus palustris,栎属palustris
08198,Fagales,壳斗目,Fagaceae,壳斗科,Quercus,栎属,phellos,phellos,Quercus phellos,栎属phellos
08199,Fagales,壳斗目,Fagaceae,壳斗科,Quercus,栎属,robur,夏栎,Quercus robur,栎属夏栎
08200,Fagales,壳斗目,Fagaceae,壳斗科,Quercus,栎属,rotundifolia,rotundifolia,Quercus rotundifolia,栎属rotundifolia
08201,Fagales,壳斗目,Fagaceae,壳斗科,Quercus,栎属,rubra,rubra,Quercus rubra,栎属rubra
08202,Fagales,壳斗目,Fagaceae,壳斗科,Quercus,栎属,shumardii,shumardii,Quercus shumardii,栎属shumardii
08203,Fagales,壳斗目,Fagaceae,壳斗科,Quercus,栎属,sinuata,sinuata,Quercus sinuata,栎属sinuata
08204,Fagales,壳斗目,Fagaceae,壳斗科,Quercus,栎属,stellata,stellata,Quercus stellata,栎属stellata
08205,Fagales,壳斗目,Fagaceae,壳斗科,Quercus,栎属,suber,suber,Quercus suber,栎属suber
08207,Fagales,壳斗目,Fagaceae,壳斗科,Quercus,栎属,velutina,velutina,Quercus velutina,栎属velutina
08208,Fagales,壳斗目,Fagaceae,壳斗科,Quercus,栎属,virginiana,virginiana,Quercus virginiana,栎属virginiana
08209,Fagales,壳斗目,Fagaceae,壳斗科,Quercus,栎属,wislizeni,wislizeni,Quercus wislizeni,栎属wislizeni
08210,Fagales,壳斗目,Juglandaceae,胡桃科,Carya,山核桃属,cordiformis,cordiformis,Carya cordiformis,山核桃属cordiformis
08211,Fagales,壳斗目,Juglandaceae,胡桃科,Carya,山核桃属,glabra,glabra,Carya glabra,山核桃属glabra
08212,Fagales,壳斗目,Juglandaceae,胡桃科,Carya,山核桃属,illinoinensis,illinoinensis,Carya illinoinensis,山核桃属illinoinensis
08213,Fagales,壳斗目,Juglandaceae,胡桃科,Carya,山核桃属,ovata,山核桃,Carya ovata,山核桃属山核桃
08214,Fagales,壳斗目,Juglandaceae,胡桃科,Carya,山核桃属,tomentosa,tomentosa,Carya tomentosa,山核桃属tomentosa
08215,Fagales,壳斗目,Juglandaceae,胡桃科,Juglans,胡桃属,californica,californica,Juglans californica,胡桃属californica
08216,Fagales,壳斗目,Juglandaceae,胡桃科,Juglans,胡桃属,cinerea,cinerea,Juglans cinerea,胡桃属cinerea
08217,Fagales,壳斗目,Juglandaceae,胡桃科,Juglans,胡桃属,nigra,nigra,Juglans nigra,胡桃属nigra
08218,Fagales,壳斗目,Juglandaceae,胡桃科,Juglans,胡桃属,regia,胡桃,Juglans regia,胡桃属胡桃
08219,Fagales,壳斗目,Myricaceae,杨梅科,Comptonia,Comptonia,peregrina,peregrina,Comptonia peregrina,Comptoniaperegrina
08221,Fagales,壳斗目,Myricaceae,杨梅科,Morella,Morella,cerifera,cerifera,Morella cerifera,Morellacerifera
08222,Fagales,壳斗目,Myricaceae,杨梅科,Morella,Morella,pensylvanica,pensylvanica,Morella pensylvanica,Morellapensylvanica
08223,Fagales,壳斗目,Myricaceae,杨梅科,Myrica,Myrica,gale,gale,Myrica gale,Myricagale
08224,Fagales,壳斗目,Nothofagaceae,南青冈科,Nothofagus,Nothofagus,cliffortioides,cliffortioides,Nothofagus cliffortioides,Nothofaguscliffortioides
08225,Fagales,壳斗目,Nothofagaceae,南青冈科,Nothofagus,Nothofagus,menziesii,menziesii,Nothofagus menziesii,Nothofagusmenziesii
08226,Garryales,Garryales,Garryaceae,丝缨花科,Garrya,Garrya,elliptica,elliptica,Garrya elliptica,Garryaelliptica
08287,Gentianales,龙胆目,Gelsemiaceae,钩吻科,Gelsemium,Gelsemium,sempervirens,sempervirens,Gelsemium sempervirens,Gelsemiumsempervirens
08317,Gentianales,龙胆目,Loganiaceae,马钱科,Geniostoma,Geniostoma,ligustrifolium,ligustrifolium,Geniostoma ligustrifolium,Geniostomaligustrifolium
08392,Gunnerales,Gunnerales,Gunneraceae,洋二仙草科,Gunnera,Gunnera,tinctoria,tinctoria,Gunnera tinctoria,Gunneratinctoria
08414,Lamiales,唇形目,Bignoniaceae,紫葳科,Catalpa,Catalpa,speciosa,speciosa,Catalpa speciosa,Catalpaspeciosa
08416,Lamiales,唇形目,Bignoniaceae,紫葳科,Crescentia,Crescentia,cujete,cujete,Crescentia cujete,Crescentiacujete
08417,Lamiales,唇形目,Bignoniaceae,紫葳科,Jacaranda,Jacaranda,mimosifolia,mimosifolia,Jacaranda mimosifolia,Jacarandamimosifolia
08418,Lamiales,唇形目,Bignoniaceae,紫葳科,Spathodea,Spathodea,campanulata,campanulata,Spathodea campanulata,Spathodeacampanulata
08419,Lamiales,唇形目,Bignoniaceae,紫葳科,Tabebuia,Tabebuia,rosea,rosea,Tabebuia rosea,Tabebuiarosea
08420,Lamiales,唇形目,Bignoniaceae,紫葳科,Tecoma,Tecoma,stans,stans,Tecoma stans,Tecomastans
08432,Lamiales,唇形目,Lamiaceae,唇形科,Callicarpa,紫珠属,formosana,formosana,Callicarpa formosana,紫珠属formosana
08527,Lamiales,唇形目,Lamiaceae,唇形科,Vitex,牡荆属,lucens,lucens,Vitex lucens,牡荆属lucens
08543,Lamiales,唇形目,Oleaceae,木犀科,Chionanthus,Chionanthus,virginicus,virginicus,Chionanthus virginicus,Chionanthusvirginicus
08546,Lamiales,唇形目,Oleaceae,木犀科,Fraxinus,梣属,americana,americana,Fraxinus americana,梣属americana
08547,Lamiales,唇形目,Oleaceae,木犀科,Fraxinus,梣属,excelsior,欧洲白蜡,Fraxinus excelsior,梣属欧洲白蜡
08548,Lamiales,唇形目,Oleaceae,木犀科,Fraxinus,梣属,latifolia,latifolia,Fraxinus latifolia,梣属latifolia
08549,Lamiales,唇形目,Oleaceae,木犀科,Fraxinus,梣属,nigra,nigra,Fraxinus nigra,梣属nigra
08550,Lamiales,唇形目,Oleaceae,木犀科,Fraxinus,梣属,pennsylvanica,pennsylvanica,Fraxinus pennsylvanica,梣属pennsylvanica
08551,Lamiales,唇形目,Oleaceae,木犀科,Fraxinus,梣属,velutina,velutina,Fraxinus velutina,梣属velutina
08552,Lamiales,唇形目,Oleaceae,木犀科,Ligustrum,女贞属,lucidum,lucidum,Ligustrum lucidum,女贞属lucidum
08554,Lamiales,唇形目,Oleaceae,木犀科,Ligustrum,女贞属,sinense,sinense,Ligustrum sinense,女贞属sinense
08556,Lamiales,唇形目,Oleaceae,木犀科,Olea,木犀榄属,europaea,油橄榄,Olea europaea,木犀榄属油橄榄
08557,Lamiales,唇形目,Oleaceae,木犀科,Syringa,丁香属,vulgaris,欧洲丁香,Syringa vulgaris,丁香属欧洲丁香
08619,Lamiales,唇形目,Paulowniaceae,泡桐科,Paulownia,Paulownia,tomentosa,tomentosa,Paulownia tomentosa,Paulowniatomentosa
08708,Lamiales,唇形目,Scrophulariaceae,玄参科,Buddleja,Buddleja,cordata,cordata,Buddleja cordata,Buddlejacordata
08709,Lamiales,唇形目,Scrophulariaceae,玄参科,Buddleja,Buddleja,davidii,davidii,Buddleja davidii,Buddlejadavidii
08720,Lamiales,唇形目,Stilbaceae,光叶草科,Halleria,Halleria,lucida,lucida,Halleria lucida,Hallerialucida
08744,Laurales,樟目,Atherospermataceae,香材树科,Laurelia,Laurelia,novae-zelandiae,novae-zelandiae,Laurelia novae-zelandiae,Laurelianovae-zelandiae
08747,Laurales,樟目,Lauraceae,樟科,Beilschmiedia,Beilschmiedia,tawa,tawa,Beilschmiedia tawa,Beilschmiediatawa
08749,Laurales,樟目,Lauraceae,樟科,Cinnamomum,樟属,camphora,樟,Cinnamomum camphora,樟属樟
08750,Laurales,樟目,Lauraceae,樟科,Laurus,月桂属,nobilis,月桂,Laurus nobilis,月桂属月桂
08752,Laurales,樟目,Lauraceae,樟科,Persea,Persea,americana,americana,Persea americana,Perseaamericana
08754,Laurales,樟目,Lauraceae,樟科,Umbellularia,Umbellularia,californica,californica,Umbellularia californica,Umbellulariacalifornica
08755,Laurales,樟目,Monimiaceae,香材树科,Hedycarya,Hedycarya,arborea,arborea,Hedycarya arborea,Hedycaryaarborea
08756,Magnoliales,木兰目,Annonaceae,番荔枝科,Annona,Annona,glabra,glabra,Annona glabra,Annonaglabra
08757,Magnoliales,木兰目,Annonaceae,番荔枝科,Asimina,Asimina,triloba,triloba,Asimina triloba,Asiminatriloba
08758,Magnoliales,木兰目,Magnoliaceae,木兰科,Liriodendron,鹅掌楸属,tulipifera,tulipifera,Liriodendron tulipifera,鹅掌楸属tulipifera
08759,Magnoliales,木兰目,Magnoliaceae,木兰科,Magnolia,木兰属,acuminata,acuminata,Magnolia acuminata,木兰属acuminata
08761,Magnoliales,木兰目,Magnoliaceae,木兰科,Magnolia,木兰属,grandiflora,大花木兰,Magnolia grandiflora,木兰属大花木兰
08855,Malpighiales,金虎尾目,Rhizophoraceae,红树科,Rhizophora,Rhizophora,mangle,mangle,Rhizophora mangle,Rhizophoramangle
08856,Malpighiales,金虎尾目,Salicaceae,杨柳科,Populus,杨属,alba,银白杨,Populus alba,杨属银白杨
08857,Malpighiales,金虎尾目,Salicaceae,杨柳科,Populus,杨属,balsamifera,balsamifera,Populus balsamifera,杨属balsamifera
08858,Malpighiales,金虎尾目,Salicaceae,杨柳科,Populus,杨属,deltoides,deltoides,Populus deltoides,杨属deltoides
08859,Malpighiales,金虎尾目,Salicaceae,杨柳科,Populus,杨属,fremontii,fremontii,Populus fremontii,杨属fremontii
08861,Malpighiales,金虎尾目,Salicaceae,杨柳科,Populus,杨属,nigra,黑杨,Populus nigra,杨属黑杨
08863,Malpighiales,金虎尾目,Salicaceae,杨柳科,Populus,杨属,tremuloides,tremuloides,Populus tremuloides,杨属tremuloides
08864,Malpighiales,金虎尾目,Salicaceae,杨柳科,Populus,杨属,trichocarpa,trichocarpa,Populus trichocarpa,杨属trichocarpa
08865,Malpighiales,金虎尾目,Salicaceae,杨柳科,Salix,柳属,alba,白柳,Salix alba,柳属白柳
08866,Malpighiales,金虎尾目,Salicaceae,杨柳科,Salix,柳属,babylonica,babylonica,Salix babylonica,柳属babylonica
08867,Malpighiales,金虎尾目,Salicaceae,杨柳科,Salix,柳属,bebbiana,bebbiana,Salix bebbiana,柳属bebbiana
08868,Malpighiales,金虎尾目,Salicaceae,杨柳科,Salix,柳属,caprea,caprea,Salix caprea,柳属caprea
08873,Malpighiales,金虎尾目,Salicaceae,杨柳科,Salix,柳属,gooddingii,gooddingii,Salix gooddingii,柳属gooddingii
08874,Malpighiales,金虎尾目,Salicaceae,杨柳科,Salix,柳属,interior,interior,Salix interior,柳属interior
08875,Malpighiales,金虎尾目,Salicaceae,杨柳科,Salix,柳属,laevigata,laevigata,Salix laevigata,柳属laevigata
08876,Malpighiales,金虎尾目,Salicaceae,杨柳科,Salix,柳属,lasiolepis,lasiolepis,Salix lasiolepis,柳属lasiolepis
08877,Malpighiales,金虎尾目,Salicaceae,杨柳科,Salix,柳属,myrsinifolia,myrsinifolia,Salix myrsinifolia,柳属myrsinifolia
08878,Malpighiales,金虎尾目,Salicaceae,杨柳科,Salix,柳属,nigra,nigra,Salix nigra,柳属nigra
08880,Malpighiales,金虎尾目,Salicaceae,杨柳科,Salix,柳属,triandra,triandra,Salix triandra,柳属triandra
08881,Malpighiales,金虎尾目,Salicaceae,杨柳科,Salix,柳属,viminalis,viminalis,Salix viminalis,柳属viminalis
08919,Malvales,锦葵目,Bixaceae,红木科,Cochlospermum,Cochlospermum,vitifolium,vitifolium,Cochlospermum vitifolium,Cochlospermumvitifolium
08931,Malvales,锦葵目,Malvaceae,锦葵科,Adansonia,猴面包树属,digitata,digitata,Adansonia digitata,猴面包树属digitata
08937,Malvales,锦葵目,Malvaceae,锦葵科,Ceiba,Ceiba,pentandra,pentandra,Ceiba pentandra,Ceibapentandra
08938,Malvales,锦葵目,Malvaceae,锦葵科,Entelea,Entelea,arborescens,arborescens,Entelea arborescens,Enteleaarborescens
08940,Malvales,锦葵目,Malvaceae,锦葵科,Fremontodendron,Fremontodendron,californicum,californicum,Fremontodendron californicum,Fremontodendroncalifornicum
08941,Malvales,锦葵目,Malvaceae,锦葵科,Gossypium,棉属,hirsutum,hirsutum,Gossypium hirsutum,棉属hirsutum
08942,Malvales,锦葵目,Malvaceae,锦葵科,Guazuma,Guazuma,ulmifolia,ulmifolia,Guazuma ulmifolia,Guazumaulmifolia
08968,Malvales,锦葵目,Malvaceae,锦葵科,Pachira,Pachira,aquatica,aquatica,Pachira aquatica,Pachiraaquatica
08970,Malvales,锦葵目,Malvaceae,锦葵科,Plagianthus,Plagianthus,divaricatus,divaricatus,Plagianthus divaricatus,Plagianthusdivaricatus
08971,Malvales,锦葵目,Malvaceae,锦葵科,Plagianthus,Plagianthus,regius,regius,Plagianthus regius,Plagianthusregius
08982,Malvales,锦葵目,Malvaceae,锦葵科,Thespesia,Thespesia,populnea,populnea,Thespesia populnea,Thespesiapopulnea
08983,Malvales,锦葵目,Malvaceae,锦葵科,Tilia,椴属,americana,americana,Tilia americana,椴属americana
08987,Malvales,锦葵目,Muntingiaceae,文定果科,Muntingia,Muntingia,calabura,calabura,Muntingia calabura,Muntingiacalabura
08988,Malvales,锦葵目,Thymelaeaceae,瑞香科,Daphne,Daphne,gnidium,gnidium,Daphne gnidium,Daphnegnidium
08993,Myrtales,桃金娘目,Combretaceae,使君子科,Conocarpus,Conocarpus,erectus,erectus,Conocarpus erectus,Conocarpuserectus
08994,Myrtales,桃金娘目,Combretaceae,使君子科,Laguncularia,Laguncularia,racemosa,racemosa,Laguncularia racemosa,Lagunculariaracemosa
08995,Myrtales,桃金娘目,Combretaceae,使君子科,Terminalia,Terminalia,catappa,catappa,Terminalia catappa,Terminaliacatappa
09003,Myrtales,桃金娘目,Lythraceae,千屈菜科,Punica,石榴属,granatum,石榴,Punica granatum,石榴属石榴
09010,Myrtales,桃金娘目,Myrtaceae,桃金娘科,Eucalyptus,桉属,camaldulensis,camaldulensis,Eucalyptus camaldulensis,桉属camaldulensis
09011,Myrtales,桃金娘目,Myrtaceae,桃金娘科,Eucalyptus,桉属,globulus,蓝桉,Eucalyptus globulus,桉属蓝桉
09012,Myrtales,桃金娘目,Myrtaceae,桃金娘科,Leptospermum,Leptospermum,laevigatum,laevigatum,Leptospermum laevigatum,Leptospermumlaevigatum
09013,Myrtales,桃金娘目,Myrtaceae,桃金娘科,Leptospermum,Leptospermum,scoparium,scoparium,Leptospermum scoparium,Leptospermumscoparium
09014,Myrtales,桃金娘目,Myrtaceae,桃金娘科,Lophomyrtus,Lophomyrtus,bullata,bullata,Lophomyrtus bullata,Lophomyrtusbullata
09016,Myrtales,桃金娘目,Myrtaceae,桃金娘科,Metrosideros,Metrosideros,excelsa,excelsa,Metrosideros excelsa,Metrosiderosexcelsa
09017,Myrtales,桃金娘目,Myrtaceae,桃金娘科,Metrosideros,Metrosideros,fulgens,fulgens,Metrosideros fulgens,Metrosiderosfulgens
09018,Myrtales,桃金娘目,Myrtaceae,桃金娘科,Metrosideros,Metrosideros,perforata,perforata,Metrosideros perforata,Metrosiderosperforata
09019,Myrtales,桃金娘目,Myrtaceae,桃金娘科,Metrosideros,Metrosideros,polymorpha,polymorpha,Metrosideros polymorpha,Metrosiderospolymorpha
09020,Myrtales,桃金娘目,Myrtaceae,桃金娘科,Metrosideros,Metrosideros,robusta,robusta,Metrosideros robusta,Metrosiderosrobusta
09021,Myrtales,桃金娘目,Myrtaceae,桃金娘科,Metrosideros,Metrosideros,umbellata,umbellata,Metrosideros umbellata,Metrosiderosumbellata
09022,Myrtales,桃金娘目,Myrtaceae,桃金娘科,Myrtus,桃金娘属,communis,communis,Myrtus communis,桃金娘属communis
09023,Myrtales,桃金娘目,Myrtaceae,桃金娘科,Psidium,Psidium,cattleyanum,cattleyanum,Psidium cattleyanum,Psidiumcattleyanum
09024,Myrtales,桃金娘目,Myrtaceae,桃金娘科,Psidium,Psidium,guajava,guajava,Psidium guajava,Psidiumguajava
09088,Oxalidales,酢浆草目,Cunoniaceae,火把树科,Weinmannia,Weinmannia,racemosa,racemosa,Weinmannia racemosa,Weinmanniaracemosa
09089,Oxalidales,酢浆草目,Elaeocarpaceae,杜英科,Aristotelia,Aristotelia,serrata,serrata,Aristotelia serrata,Aristoteliaserrata
09090,Oxalidales,酢浆草目,Elaeocarpaceae,杜英科,Elaeocarpus,Elaeocarpus,hookerianus,hookerianus,Elaeocarpus hookerianus,Elaeocarpushookerianus
09121,Proteales,山龙眼目,Platanaceae,悬铃木科,Platanus,悬铃木属,occidentalis,occidentalis,Platanus occidentalis,悬铃木属occidentalis
09123,Proteales,山龙眼目,Platanaceae,悬铃木科,Platanus,悬铃木属,wrightii,wrightii,Platanus wrightii,悬铃木属wrightii
09126,Proteales,山龙眼目,Proteaceae,山龙眼科,Hakea,Hakea,sericea,sericea,Hakea sericea,Hakeasericea
09128,Proteales,山龙眼目,Proteaceae,山龙眼科,Leucadendron,Leucadendron,laureolum,laureolum,Leucadendron laureolum,Leucadendronlaureolum
09129,Proteales,山龙眼目,Proteaceae,山龙眼科,Leucadendron,Leucadendron,rubrum,rubrum,Leucadendron rubrum,Leucadendronrubrum
09131,Proteales,山龙眼目,Proteaceae,山龙眼科,Leucospermum,Leucospermum,conocarpodendron,conocarpodendron,Leucospermum conocarpodendron,Leucospermumconocarpodendron
09135,Proteales,山龙眼目,Proteaceae,山龙眼科,Protea,Protea,cynaroides,cynaroides,Protea cynaroides,Proteacynaroides
09136,Proteales,山龙眼目,Proteaceae,山龙眼科,Protea,Protea,laurifolia,laurifolia,Protea laurifolia,Protealaurifolia
09137,Proteales,山龙眼目,Proteaceae,山龙眼科,Protea,Protea,neriifolia,neriifolia,Protea neriifolia,Proteaneriifolia
09143,Ranunculales,毛茛目,Berberidaceae,小檗科,Berberis,小檗属,bealei,bealei,Berberis bealei,小檗属bealei
09145,Ranunculales,毛茛目,Berberidaceae,小檗科,Berberis,小檗属,nervosa,nervosa,Berberis nervosa,小檗属nervosa
09147,Ranunculales,毛茛目,Berberidaceae,小檗科,Berberis,小檗属,thunbergii,thunbergii,Berberis thunbergii,小檗属thunbergii
09148,Ranunculales,毛茛目,Berberidaceae,小檗科,Berberis,小檗属,trifoliolata,trifoliolata,Berberis trifoliolata,小檗属trifoliolata
09296,Rosales,蔷薇目,Elaeagnaceae,胡颓子科,Elaeagnus,Elaeagnus,angustifolia,angustifolia,Elaeagnus angustifolia,Elaeagnusangustifolia
09299,Rosales,蔷薇目,Elaeagnaceae,胡颓子科,Elaeagnus,Elaeagnus,umbellata,umbellata,Elaeagnus umbellata,Elaeagnusumbellata
09300,Rosales,蔷薇目,Elaeagnaceae,胡颓子科,Hippophae,Hippophae,rhamnoides,rhamnoides,Hippophae rhamnoides,Hippophaerhamnoides
09302,Rosales,蔷薇目,Moraceae,桑科,Artocarpus,Artocarpus,altilis,altilis,Artocarpus altilis,Artocarpusaltilis
09303,Rosales,蔷薇目,Moraceae,桑科,Artocarpus,Artocarpus,heterophyllus,heterophyllus,Artocarpus heterophyllus,Artocarpusheterophyllus
09304,Rosales,蔷薇目,Moraceae,桑科,Broussonetia,Broussonetia,papyrifera,papyrifera,Broussonetia papyrifera,Broussonetiapapyrifera
09305,Rosales,蔷薇目,Moraceae,桑科,Fatoua,Fatoua,villosa,villosa,Fatoua villosa,Fatouavillosa
09306,Rosales,蔷薇目,Moraceae,桑科,Ficus,榕属,aurea,aurea,Ficus aurea,榕属aurea
09307,Rosales,蔷薇目,Moraceae,桑科,Ficus,榕属,carica,无花果,Ficus carica,榕属无花果
09308,Rosales,蔷薇目,Moraceae,桑科,Ficus,榕属,microcarpa,microcarpa,Ficus microcarpa,榕属microcarpa
09309,Rosales,蔷薇目,Moraceae,桑科,Ficus,榕属,petiolaris,petiolaris,Ficus petiolaris,榕属petiolaris
09311,Rosales,蔷薇目,Moraceae,桑科,Ficus,榕属,religiosa,religiosa,Ficus religiosa,榕属religiosa
09312,Rosales,蔷薇目,Moraceae,桑科,Maclura,Maclura,pomifera,pomifera,Maclura pomifera,Maclurapomifera
09313,Rosales,蔷薇目,Moraceae,桑科,Morus,桑属,alba,白桑,Morus alba,桑属白桑
09321,Rosales,蔷薇目,Rhamnaceae,鼠李科,Ceanothus,美洲茶属,cuneatus,cuneatus,Ceanothus cuneatus,美洲茶属cuneatus
09325,Rosales,蔷薇目,Rhamnaceae,鼠李科,Ceanothus,美洲茶属,leucodermis,leucodermis,Ceanothus leucodermis,美洲茶属leucodermis
09326,Rosales,蔷薇目,Rhamnaceae,鼠李科,Ceanothus,美洲茶属,megacarpus,megacarpus,Ceanothus megacarpus,美洲茶属megacarpus
09328,Rosales,蔷薇目,Rhamnaceae,鼠李科,Ceanothus,美洲茶属,perplexans,perplexans,Ceanothus perplexans,美洲茶属perplexans
09336,Rosales,蔷薇目,Rhamnaceae,鼠李科,Discaria,Discaria,toumatou,toumatou,Discaria toumatou,Discariatoumatou
09337,Rosales,蔷薇目,Rhamnaceae,鼠李科,Frangula,Frangula,alnus,alnus,Frangula alnus,Frangulaalnus
09338,Rosales,蔷薇目,Rhamnaceae,鼠李科,Frangula,Frangula,californica,californica,Frangula californica,Frangulacalifornica
09340,Rosales,蔷薇目,Rhamnaceae,鼠李科,Frangula,Frangula,purshiana,purshiana,Frangula purshiana,Frangulapurshiana
09341,Rosales,蔷薇目,Rhamnaceae,鼠李科,Paliurus,Paliurus,spina-christi,spina-christi,Paliurus spina-christi,Paliurusspina-christi
09342,Rosales,蔷薇目,Rhamnaceae,鼠李科,Rhamnus,鼠李属,alaternus,alaternus,Rhamnus alaternus,鼠李属alaternus
09353,Rosales,蔷薇目,Rosaceae,蔷薇科,Adenostoma,Adenostoma,sparsifolium,sparsifolium,Adenostoma sparsifolium,Adenostomasparsifolium
09366,Rosales,蔷薇目,Rosaceae,蔷薇科,Cercocarpus,Cercocarpus,ledifolius,ledifolius,Cercocarpus ledifolius,Cercocarpusledifolius
09367,Rosales,蔷薇目,Rosaceae,蔷薇科,Cercocarpus,Cercocarpus,montanus,montanus,Cercocarpus montanus,Cercocarpusmontanus
09368,Rosales,蔷薇目,Rosaceae,蔷薇科,Chamaebatia,Chamaebatia,foliolosa,foliolosa,Chamaebatia foliolosa,Chamaebatiafoliolosa
09373,Rosales,蔷薇目,Rosaceae,蔷薇科,Crataegus,山楂属,monogyna,单子山楂,Crataegus monogyna,山楂属单子山楂
09418,Rosales,蔷薇目,Rosaceae,蔷薇科,Prunus,李属,avium,甜樱桃,Prunus avium,李属甜樱桃
09421,Rosales,蔷薇目,Rosaceae,蔷薇科,Prunus,李属,dulcis,dulcis,Prunus dulcis,李属dulcis
09423,Rosales,蔷薇目,Rosaceae,蔷薇科,Prunus,李属,fasciculata,fasciculata,Prunus fasciculata,李属fasciculata
09424,Rosales,蔷薇目,Rosaceae,蔷薇科,Prunus,李属,fremontii,fremontii,Prunus fremontii,李属fremontii
09425,Rosales,蔷薇目,Rosaceae,蔷薇科,Prunus,李属,ilicifolia,ilicifolia,Prunus ilicifolia,李属ilicifolia
09428,Rosales,蔷薇目,Rosaceae,蔷薇科,Prunus,李属,padus,padus,Prunus padus,李属padus
09429,Rosales,蔷薇目,Rosaceae,蔷薇科,Prunus,李属,pensylvanica,pensylvanica,Prunus pensylvanica,李属pensylvanica
09430,Rosales,蔷薇目,Rosaceae,蔷薇科,Prunus,李属,persica,persica,Prunus persica,李属persica
09431,Rosales,蔷薇目,Rosaceae,蔷薇科,Prunus,李属,pumila,pumila,Prunus pumila,李属pumila
09432,Rosales,蔷薇目,Rosaceae,蔷薇科,Prunus,李属,serotina,serotina,Prunus serotina,李属serotina
09433,Rosales,蔷薇目,Rosaceae,蔷薇科,Prunus,李属,spinosa,spinosa,Prunus spinosa,李属spinosa
09434,Rosales,蔷薇目,Rosaceae,蔷薇科,Prunus,李属,virginiana,virginiana,Prunus virginiana,李属virginiana
09435,Rosales,蔷薇目,Rosaceae,蔷薇科,Purshia,Purshia,stansburyana,stansburyana,Purshia stansburyana,Purshiastansburyana
09436,Rosales,蔷薇目,Rosaceae,蔷薇科,Purshia,Purshia,tridentata,tridentata,Purshia tridentata,Purshiatridentata
09437,Rosales,蔷薇目,Rosaceae,蔷薇科,Pyracantha,Pyracantha,coccinea,coccinea,Pyracantha coccinea,Pyracanthacoccinea
09438,Rosales,蔷薇目,Rosaceae,蔷薇科,Pyrus,梨属,calleryana,calleryana,Pyrus calleryana,梨属calleryana
09439,Rosales,蔷薇目,Rosaceae,蔷薇科,Pyrus,梨属,communis,西洋梨,Pyrus communis,梨属西洋梨
09440,Rosales,蔷薇目,Rosaceae,蔷薇科,Rhaphiolepis,Rhaphiolepis,indica,indica,Rhaphiolepis indica,Rhaphiolepisindica
09488,Rosales,蔷薇目,Rosaceae,蔷薇科,Sorbus,花楸属,americana,americana,Sorbus americana,花楸属americana
09489,Rosales,蔷薇目,Rosaceae,蔷薇科,Sorbus,花楸属,aucuparia,aucuparia,Sorbus aucuparia,花楸属aucuparia
09490,Rosales,蔷薇目,Rosaceae,蔷薇科,Sorbus,花楸属,sitchensis,sitchensis,Sorbus sitchensis,花楸属sitchensis
09499,Rosales,蔷薇目,Ulmaceae,榆科,Ulmus,榆属,americana,americana,Ulmus americana,榆属americana
09500,Rosales,蔷薇目,Ulmaceae,榆科,Ulmus,榆属,crassifolia,crassifolia,Ulmus crassifolia,榆属crassifolia
09502,Rosales,蔷薇目,Ulmaceae,榆科,Ulmus,榆属,laevis,laevis,Ulmus laevis,榆属laevis
09503,Rosales,蔷薇目,Ulmaceae,榆科,Ulmus,榆属,minor,小叶榆,Ulmus minor,榆属小叶榆
09504,Rosales,蔷薇目,Ulmaceae,榆科,Ulmus,榆属,parvifolia,parvifolia,Ulmus parvifolia,榆属parvifolia
09505,Rosales,蔷薇目,Ulmaceae,榆科,Ulmus,榆属,pumila,pumila,Ulmus pumila,榆属pumila
09506,Rosales,蔷薇目,Ulmaceae,榆科,Ulmus,榆属,rubra,rubra,Ulmus rubra,榆属rubra
09507,Rosales,蔷薇目,Ulmaceae,榆科,Ulmus,榆属,thomasii,thomasii,Ulmus thomasii,榆属thomasii
09519,Santalales,檀香目,Loranthaceae,桑寄生科,Ileostylus,Ileostylus,micranthus,micranthus,Ileostylus micranthus,Ileostylusmicranthus
09523,Santalales,檀香目,Santalaceae,檀香科,Exocarpos,Exocarpos,cupressiformis,cupressiformis,Exocarpos cupressiformis,Exocarposcupressiformis
09525,Santalales,檀香目,Santalaceae,檀香科,Phoradendron,Phoradendron,californicum,californicum,Phoradendron californicum,Phoradendroncalifornicum
09526,Santalales,檀香目,Santalaceae,檀香科,Phoradendron,Phoradendron,leucarpum,leucarpum,Phoradendron leucarpum,Phoradendronleucarpum
09527,Santalales,檀香目,Santalaceae,檀香科,Viscum,Viscum,album,album,Viscum album,Viscumalbum
09528,Sapindales,无患子目,Anacardiaceae,漆树科,Anacardium,腰果属,occidentale,occidentale,Anacardium occidentale,腰果属occidentale
09530,Sapindales,无患子目,Anacardiaceae,漆树科,Malosma,Malosma,laurina,laurina,Malosma laurina,Malosmalaurina
09531,Sapindales,无患子目,Anacardiaceae,漆树科,Mangifera,Mangifera,indica,indica,Mangifera indica,Mangiferaindica
09532,Sapindales,无患子目,Anacardiaceae,漆树科,Pistacia,Pistacia,chinensis,chinensis,Pistacia chinensis,Pistaciachinensis
09533,Sapindales,无患子目,Anacardiaceae,漆树科,Pistacia,Pistacia,lentiscus,lentiscus,Pistacia lentiscus,Pistacialentiscus
09535,Sapindales,无患子目,Anacardiaceae,漆树科,Rhus,漆树属,copallinum,copallinum,Rhus copallinum,漆树属copallinum
09536,Sapindales,无患子目,Anacardiaceae,漆树科,Rhus,漆树属,glabra,glabra,Rhus glabra,漆树属glabra
09537,Sapindales,无患子目,Anacardiaceae,漆树科,Rhus,漆树属,integrifolia,integrifolia,Rhus integrifolia,漆树属integrifolia
09538,Sapindales,无患子目,Anacardiaceae,漆树科,Rhus,漆树属,lanceolata,lanceolata,Rhus lanceolata,漆树属lanceolata
09539,Sapindales,无患子目,Anacardiaceae,漆树科,Rhus,漆树属,microphylla,microphylla,Rhus microphylla,漆树属microphylla
09540,Sapindales,无患子目,Anacardiaceae,漆树科,Rhus,漆树属,ovata,ovata,Rhus ovata,漆树属ovata
09541,Sapindales,无患子目,Anacardiaceae,漆树科,Rhus,漆树属,typhina,typhina,Rhus typhina,漆树属typhina
09542,Sapindales,无患子目,Anacardiaceae,漆树科,Rhus,漆树属,virens,virens,Rhus virens,漆树属virens
09543,Sapindales,无患子目,Anacardiaceae,漆树科,Schinus,Schinus,molle,molle,Schinus molle,Schinusmolle
09544,Sapindales,无患子目,Anacardiaceae,漆树科,Schinus,Schinus,terebinthifolia,terebinthifolia,Schinus terebinthifolia,Schinusterebinthifolia
09545,Sapindales,无患子目,Anacardiaceae,漆树科,Searsia,Searsia,lucida,lucida,Searsia lucida,Searsialucida
09549,Sapindales,无患子目,Anacardiaceae,漆树科,Toxicodendron,毒漆藤属,vernix,vernix,Toxicodendron vernix,毒漆藤属vernix
09550,Sapindales,无患子目,Burseraceae,橄榄科,Bursera,Bursera,microphylla,microphylla,Bursera microphylla,Burseramicrophylla
09551,Sapindales,无患子目,Burseraceae,橄榄科,Bursera,Bursera,simaruba,simaruba,Bursera simaruba,Burserasimaruba
09552,Sapindales,无患子目,Meliaceae,楝科,Azadirachta,Azadirachta,indica,indica,Azadirachta indica,Azadirachtaindica
09553,Sapindales,无患子目,Meliaceae,楝科,Dysoxylum,Dysoxylum,spectabile,spectabile,Dysoxylum spectabile,Dysoxylumspectabile
09554,Sapindales,无患子目,Meliaceae,楝科,Melia,楝属,azedarach,azedarach,Melia azedarach,楝属azedarach
09555,Sapindales,无患子目,Rutaceae,芸香科,Citrus,柑橘属,trifoliata,trifoliata,Citrus trifoliata,柑橘属trifoliata
09562,Sapindales,无患子目,Rutaceae,芸香科,Zanthoxylum,花椒属,clava-herculis,clava-herculis,Zanthoxylum clava-herculis,花椒属clava-herculis
09564,Sapindales,无患子目,Rutaceae,芸香科,Zanthoxylum,花椒属,hirsutum,hirsutum,Zanthoxylum hirsutum,花椒属hirsutum
09565,Sapindales,无患子目,Sapindaceae,无患子科,Acer,槭属,campestre,campestre,Acer campestre,槭属campestre
09567,Sapindales,无患子目,Sapindaceae,无患子科,Acer,槭属,floridanum,floridanum,Acer floridanum,槭属floridanum
09568,Sapindales,无患子目,Sapindaceae,无患子科,Acer,槭属,ginnala,ginnala,Acer ginnala,槭属ginnala
09569,Sapindales,无患子目,Sapindaceae,无患子科,Acer,槭属,glabrum,glabrum,Acer glabrum,槭属glabrum
09570,Sapindales,无患子目,Sapindaceae,无患子科,Acer,槭属,grandidentatum,grandidentatum,Acer grandidentatum,槭属grandidentatum
09571,Sapindales,无患子目,Sapindaceae,无患子科,Acer,槭属,macrophyllum,macrophyllum,Acer macrophyllum,槭属macrophyllum
09572,Sapindales,无患子目,Sapindaceae,无患子科,Acer,槭属,negundo,negundo,Acer negundo,槭属negundo
09574,Sapindales,无患子目,Sapindaceae,无患子科,Acer,槭属,palmatum,palmatum,Acer palmatum,槭属palmatum
09575,Sapindales,无患子目,Sapindaceae,无患子科,Acer,槭属,pensylvanicum,pensylvanicum,Acer pensylvanicum,槭属pensylvanicum
09576,Sapindales,无患子目,Sapindaceae,无患子科,Acer,槭属,platanoides,platanoides,Acer platanoides,槭属platanoides
09577,Sapindales,无患子目,Sapindaceae,无患子科,Acer,槭属,pseudoplatanus,假挪威槭,Acer pseudoplatanus,槭属假挪威槭
09578,Sapindales,无患子目,Sapindaceae,无患子科,Acer,槭属,rubrum,rubrum,Acer rubrum,槭属rubrum
09579,Sapindales,无患子目,Sapindaceae,无患子科,Acer,槭属,saccharinum,saccharinum,Acer saccharinum,槭属saccharinum
09580,Sapindales,无患子目,Sapindaceae,无患子科,Acer,槭属,saccharum,saccharum,Acer saccharum,槭属saccharum
09581,Sapindales,无患子目,Sapindaceae,无患子科,Acer,槭属,spicatum,spicatum,Acer spicatum,槭属spicatum
09582,Sapindales,无患子目,Sapindaceae,无患子科,Acer,槭属,tataricum,tataricum,Acer tataricum,槭属tataricum
09584,Sapindales,无患子目,Sapindaceae,无患子科,Aesculus,七叶树属,glabra,glabra,Aesculus glabra,七叶树属glabra
09585,Sapindales,无患子目,Sapindaceae,无患子科,Aesculus,七叶树属,hippocastanum,欧洲七叶树,Aesculus hippocastanum,七叶树属欧洲七叶树
09587,Sapindales,无患子目,Sapindaceae,无患子科,Alectryon,Alectryon,excelsus,excelsus,Alectryon excelsus,Alectryonexcelsus
09589,Sapindales,无患子目,Sapindaceae,无患子科,Dodonaea,Dodonaea,viscosa,viscosa,Dodonaea viscosa,Dodonaeaviscosa
09590,Sapindales,无患子目,Sapindaceae,无患子科,Koelreuteria,栾树属,paniculata,paniculata,Koelreuteria paniculata,栾树属paniculata
09591,Sapindales,无患子目,Sapindaceae,无患子科,Sapindus,Sapindus,drummondii,drummondii,Sapindus drummondii,Sapindusdrummondii
09592,Sapindales,无患子目,Sapindaceae,无患子科,Ungnadia,Ungnadia,speciosa,speciosa,Ungnadia speciosa,Ungnadiaspeciosa
09593,Sapindales,无患子目,Simaroubaceae,苦木科,Ailanthus,Ailanthus,altissima,altissima,Ailanthus altissima,Ailanthusaltissima
09594,Saxifragales,虎耳草目,Altingiaceae,枫香科,Liquidambar,枫香属,styraciflua,styraciflua,Liquidambar styraciflua,枫香属styraciflua
09625,Saxifragales,虎耳草目,Grossulariaceae,茶藨子科,Ribes,茶藨子属,americanum,americanum,Ribes americanum,茶藨子属americanum
09626,Saxifragales,虎耳草目,Grossulariaceae,茶藨子科,Ribes,茶藨子属,aureum,aureum,Ribes aureum,茶藨子属aureum
09628,Saxifragales,虎耳草目,Grossulariaceae,茶藨子科,Ribes,茶藨子属,cereum,cereum,Ribes cereum,茶藨子属cereum
09644,Saxifragales,虎耳草目,Hamamelidaceae,金缕梅科,Hamamelis,金缕梅属,virginiana,virginiana,Hamamelis virginiana,金缕梅属virginiana
09758,Vitales,葡萄目,Vitaceae,葡萄科,Parthenocissus,爬山虎属,tricuspidata,tricuspidata,Parthenocissus tricuspidata,爬山虎属tricuspidata
09759,Vitales,葡萄目,Vitaceae,葡萄科,Vitis,葡萄属,aestivalis,aestivalis,Vitis aestivalis,葡萄属aestivalis
09760,Vitales,葡萄目,Vitaceae,葡萄科,Vitis,葡萄属,arizonica,arizonica,Vitis arizonica,葡萄属arizonica
09763,Vitales,葡萄目,Vitaceae,葡萄科,Vitis,葡萄属,riparia,riparia,Vitis riparia,葡萄属riparia
09774,Pinales,松目,Araucariaceae,南洋杉科,Agathis,Agathis,australis,australis,Agathis australis,Agathisaustralis
09775,Pinales,松目,Cupressaceae,柏科,Calocedrus,Calocedrus,decurrens,decurrens,Calocedrus decurrens,Calocedrusdecurrens
09776,Pinales,松目,Cupressaceae,柏科,Cupressus,柏木属,macrocarpa,macrocarpa,Cupressus macrocarpa,柏木属macrocarpa
09777,Pinales,松目,Cupressaceae,柏科,Cupressus,柏木属,nootkatensis,nootkatensis,Cupressus nootkatensis,柏木属nootkatensis
09778,Pinales,松目,Cupressaceae,柏科,Juniperus,刺柏属,ashei,ashei,Juniperus ashei,刺柏属ashei
09779,Pinales,松目,Cupressaceae,柏科,Juniperus,刺柏属,californica,californica,Juniperus californica,刺柏属californica
09780,Pinales,松目,Cupressaceae,柏科,Juniperus,刺柏属,communis,欧洲刺柏,Juniperus communis,刺柏属欧洲刺柏
09781,Pinales,松目,Cupressaceae,柏科,Juniperus,刺柏属,deppeana,deppeana,Juniperus deppeana,刺柏属deppeana
09782,Pinales,松目,Cupressaceae,柏科,Juniperus,刺柏属,grandis,grandis,Juniperus grandis,刺柏属grandis
09783,Pinales,松目,Cupressaceae,柏科,Juniperus,刺柏属,horizontalis,horizontalis,Juniperus horizontalis,刺柏属horizontalis
09784,Pinales,松目,Cupressaceae,柏科,Juniperus,刺柏属,monosperma,monosperma,Juniperus monosperma,刺柏属monosperma
09785,Pinales,松目,Cupressaceae,柏科,Juniperus,刺柏属,occidentalis,occidentalis,Juniperus occidentalis,刺柏属occidentalis
09786,Pinales,松目,Cupressaceae,柏科,Juniperus,刺柏属,osteosperma,osteosperma,Juniperus osteosperma,刺柏属osteosperma
09788,Pinales,松目,Cupressaceae,柏科,Juniperus,刺柏属,scopulorum,scopulorum,Juniperus scopulorum,刺柏属scopulorum
09789,Pinales,松目,Cupressaceae,柏科,Juniperus,刺柏属,virginiana,virginiana,Juniperus virginiana,刺柏属virginiana
09790,Pinales,松目,Cupressaceae,柏科,Sequoia,Sequoia,sempervirens,sempervirens,Sequoia sempervirens,Sequoiasempervirens
09791,Pinales,松目,Cupressaceae,柏科,Sequoiadendron,Sequoiadendron,giganteum,giganteum,Sequoiadendron giganteum,Sequoiadendrongiganteum
09792,Pinales,松目,Cupressaceae,柏科,Taxodium,Taxodium,ascendens,ascendens,Taxodium ascendens,Taxodiumascendens
09793,Pinales,松目,Cupressaceae,柏科,Taxodium,Taxodium,distichum,distichum,Taxodium distichum,Taxodiumdistichum
09794,Pinales,松目,Cupressaceae,柏科,Taxodium,Taxodium,mucronatum,mucronatum,Taxodium mucronatum,Taxodiummucronatum
09795,Pinales,松目,Cupressaceae,柏科,Thuja,崖柏属,occidentalis,occidentalis,Thuja occidentalis,崖柏属occidentalis
09796,Pinales,松目,Cupressaceae,柏科,Thuja,崖柏属,plicata,plicata,Thuja plicata,崖柏属plicata
09797,Pinales,松目,Pinaceae,松科,Abies,冷杉属,alba,银冷杉,Abies alba,冷杉属银冷杉
09798,Pinales,松目,Pinaceae,松科,Abies,冷杉属,balsamea,balsamea,Abies balsamea,冷杉属balsamea
09799,Pinales,松目,Pinaceae,松科,Abies,冷杉属,concolor,concolor,Abies concolor,冷杉属concolor
09800,Pinales,松目,Pinaceae,松科,Abies,冷杉属,grandis,grandis,Abies grandis,冷杉属grandis
09801,Pinales,松目,Pinaceae,松科,Abies,冷杉属,lasiocarpa,lasiocarpa,Abies lasiocarpa,冷杉属lasiocarpa
09802,Pinales,松目,Pinaceae,松科,Abies,冷杉属,sibirica,sibirica,Abies sibirica,冷杉属sibirica
09803,Pinales,松目,Pinaceae,松科,Larix,落叶松属,decidua,欧洲落叶松,Larix decidua,落叶松属欧洲落叶松
09804,Pinales,松目,Pinaceae,松科,Larix,落叶松属,laricina,laricina,Larix laricina,落叶松属laricina
09805,Pinales,松目,Pinaceae,松科,Larix,落叶松属,occidentalis,occidentalis,Larix occidentalis,落叶松属occidentalis
09806,Pinales,松目,Pinaceae,松科,Larix,落叶松属,sibirica,sibirica,Larix sibirica,落叶松属sibirica
09807,Pinales,松目,Pinaceae,松科,Picea,云杉属,abies,挪威云杉,Picea abies,云杉属挪威云杉
09808,Pinales,松目,Pinaceae,松科,Picea,云杉属,engelmannii,engelmannii,Picea engelmannii,云杉属engelmannii
09809,Pinales,松目,Pinaceae,松科,Picea,云杉属,glauca,glauca,Picea glauca,云杉属glauca
09810,Pinales,松目,Pinaceae,松科,Picea,云杉属,mariana,mariana,Picea mariana,云杉属mariana
09811,Pinales,松目,Pinaceae,松科,Picea,云杉属,obovata,obovata,Picea obovata,云杉属obovata
09812,Pinales,松目,Pinaceae,松科,Picea,云杉属,pungens,pungens,Picea pungens,云杉属pungens
09813,Pinales,松目,Pinaceae,松科,Picea,云杉属,rubens,rubens,Picea rubens,云杉属rubens
09814,Pinales,松目,Pinaceae,松科,Picea,云杉属,sitchensis,sitchensis,Picea sitchensis,云杉属sitchensis
09815,Pinales,松目,Pinaceae,松科,Pinus,松属,albicaulis,albicaulis,Pinus albicaulis,松属albicaulis
09816,Pinales,松目,Pinaceae,松科,Pinus,松属,banksiana,banksiana,Pinus banksiana,松属banksiana
09817,Pinales,松目,Pinaceae,松科,Pinus,松属,cembroides,cembroides,Pinus cembroides,松属cembroides
09818,Pinales,松目,Pinaceae,松科,Pinus,松属,contorta,contorta,Pinus contorta,松属contorta
09819,Pinales,松目,Pinaceae,松科,Pinus,松属,coulteri,coulteri,Pinus coulteri,松属coulteri
09820,Pinales,松目,Pinaceae,松科,Pinus,松属,echinata,echinata,Pinus echinata,松属echinata
09821,Pinales,松目,Pinaceae,松科,Pinus,松属,edulis,edulis,Pinus edulis,松属edulis
09822,Pinales,松目,Pinaceae,松科,Pinus,松属,elliottii,elliottii,Pinus elliottii,松属elliottii
09823,Pinales,松目,Pinaceae,松科,Pinus,松属,flexilis,flexilis,Pinus flexilis,松属flexilis
09824,Pinales,松目,Pinaceae,松科,Pinus,松属,jeffreyi,jeffreyi,Pinus jeffreyi,松属jeffreyi
09825,Pinales,松目,Pinaceae,松科,Pinus,松属,lambertiana,lambertiana,Pinus lambertiana,松属lambertiana
09826,Pinales,松目,Pinaceae,松科,Pinus,松属,longaeva,longaeva,Pinus longaeva,松属longaeva
09827,Pinales,松目,Pinaceae,松科,Pinus,松属,monophylla,monophylla,Pinus monophylla,松属monophylla
09828,Pinales,松目,Pinaceae,松科,Pinus,松属,monticola,monticola,Pinus monticola,松属monticola
09829,Pinales,松目,Pinaceae,松科,Pinus,松属,nigra,nigra,Pinus nigra,松属nigra
09830,Pinales,松目,Pinaceae,松科,Pinus,松属,palustris,palustris,Pinus palustris,松属palustris
09831,Pinales,松目,Pinaceae,松科,Pinus,松属,pinaster,pinaster,Pinus pinaster,松属pinaster
09832,Pinales,松目,Pinaceae,松科,Pinus,松属,pinea,pinea,Pinus pinea,松属pinea
09833,Pinales,松目,Pinaceae,松科,Pinus,松属,ponderosa,ponderosa,Pinus ponderosa,松属ponderosa
09834,Pinales,松目,Pinaceae,松科,Pinus,松属,radiata,radiata,Pinus radiata,松属radiata
09835,Pinales,松目,Pinaceae,松科,Pinus,松属,resinosa,resinosa,Pinus resinosa,松属resinosa
09836,Pinales,松目,Pinaceae,松科,Pinus,松属,rigida,rigida,Pinus rigida,松属rigida
09837,Pinales,松目,Pinaceae,松科,Pinus,松属,sabiniana,sabiniana,Pinus sabiniana,松属sabiniana
09838,Pinales,松目,Pinaceae,松科,Pinus,松属,sibirica,sibirica,Pinus sibirica,松属sibirica
09839,Pinales,松目,Pinaceae,松科,Pinus,松属,strobus,strobus,Pinus strobus,松属strobus
09840,Pinales,松目,Pinaceae,松科,Pinus,松属,sylvestris,欧洲赤松,Pinus sylvestris,松属欧洲赤松
09841,Pinales,松目,Pinaceae,松科,Pinus,松属,taeda,taeda,Pinus taeda,松属taeda
09842,Pinales,松目,Pinaceae,松科,Pinus,松属,torreyana,torreyana,Pinus torreyana,松属torreyana
09843,Pinales,松目,Pinaceae,松科,Pinus,松属,virginiana,virginiana,Pinus virginiana,松属virginiana
09844,Pinales,松目,Pinaceae,松科,Pseudotsuga,黄杉属,menziesii,menziesii,Pseudotsuga menziesii,黄杉属menziesii
09845,Pinales,松目,Pinaceae,松科,Tsuga,铁杉属,canadensis,canadensis,Tsuga canadensis,铁杉属canadensis
09846,Pinales,松目,Pinaceae,松科,Tsuga,铁杉属,heterophylla,heterophylla,Tsuga heterophylla,铁杉属heterophylla
09847,Pinales,松目,Pinaceae,松科,Tsuga,铁杉属,mertensiana,mertensiana,Tsuga mertensiana,铁杉属mertensiana
09848,Pinales,松目,Podocarpaceae,罗汉松科,Dacrycarpus,Dacrycarpus,dacrydioides,dacrydioides,Dacrycarpus dacrydioides,Dacrycarpusdacrydioides
09849,Pinales,松目,Podocarpaceae,罗汉松科,Dacrydium,Dacrydium,cupressinum,cupressinum,Dacrydium cupressinum,Dacrydiumcupressinum
09850,Pinales,松目,Podocarpaceae,罗汉松科,Phyllocladus,Phyllocladus,alpinus,alpinus,Phyllocladus alpinus,Phyllocladusalpinus
09851,Pinales,松目,Podocarpaceae,罗汉松科,Phyllocladus,Phyllocladus,trichomanoides,trichomanoides,Phyllocladus trichomanoides,Phyllocladustrichomanoides
09852,Pinales,松目,Podocarpaceae,罗汉松科,Podocarpus,Podocarpus,laetus,laetus,Podocarpus laetus,Podocarpuslaetus
09853,Pinales,松目,Podocarpaceae,罗汉松科,Podocarpus,Podocarpus,totara,totara,Podocarpus totara,Podocarpustotara
09855,Pinales,松目,Podocarpaceae,罗汉松科,Prumnopitys,Prumnopitys,taxifolia,taxifolia,Prumnopitys taxifolia,Prumnopitystaxifolia
09856,Pinales,松目,Taxaceae,红豆杉科,Taxus,红豆杉属,baccata,欧洲红豆杉,Taxus baccata,红豆杉属欧洲红豆杉
09951,Polypodiales,水龙骨目,Nephrolepidaceae,肾蕨科,Nephrolepis,Nephrolepis,cordifolia,cordifolia,Nephrolepis cordifolia,Nephrolepiscordifolia
